L48_1,Climate Change: Biodiversity Loss,Addressing species extinction and ecosystem impacts linked to climate and ecological health.,7040
L48_2,Climate Change: Environmental Monitoring,"Technologies and methods to detect, analyze, and track pollutants and climate data affecting atmospheric quality.",6745
L48_3,Climate Change: Policy & Governance,"Government policies and frameworks managing climate risks, mitigation, technology, rights, and stakeholder involvement.",6396
L48_4,Climate Change: Water Resources,"Impacts of climate change on water availability, quality, and risks affecting ecosystems and human sectors.",5357
L48_5,Climate Change: Climate Modeling,"Methods and tools to simulate, predict, and inform decision-making about climate system behavior and changes.",4837
L48_6,Irrelevant Data,None,4662
L48_7,Climate Change: Agriculture,"Examining how large-scale farming impacts land use, emissions, and ecosystem health in Ethiopia.",3529
L48_8,Climate Change: Extreme Weather,"Explains causes, trends, and impacts of extreme weather events linked to climate change globally and regionally.",2984
L48_9,Climate Change: Energy Transition,Shifting from fossil fuels to renewable energy to reduce emissions and combat climate change.,2770
L48_10,Climate Change: Oceanography,"Changes in ocean currents, acidification, and sea level affecting marine environments and coral health.",2636
L48_11,Climate Change: Human Health and Well-being,"Impacts of climate change on human health, livelihoods, well-being, and societal stability.",2511
L48_12,Climate Change: ENSO Dynamics,Study of El Niño-Southern Oscillation and its influence on climate variability and precipitation anomalies.,1939
L48_13,Climate Change: Energy Policy Economics,"Economic impacts, investments, and welfare effects of energy policies and climate transition.",1852
L48_14,Climate Change: Food Security & Economics,"Economic and food yield impacts from climate change affecting health, trade, and regional disparities.",1467
L48_15,Climate Change: Adaptation Strategies,Using trees and ecosystems to adapt environments and management practices to climate change impacts.,1409
L48_16,Climate Change: Urban Planning,"Integrating land use, infrastructure, and policies in cities to enhance sustainability and climate resilience.",1235
L48_17,Climate Change: Paleoclimate Studies,"Using geological, ecological, and archaeological data to study Earth’s past climate periods and impacts.",1185
L48_18,Climate Change: Agricultural Biotechnology,Using genetic and biotechnological techniques to improve crop resilience and productivity under climate stress.,1155
L48_19,Climate Change: Social Equity,Ensuring equitable opportunities and addressing gender disparities in climate-related social and economic sectors.,1134
L48_20,Climate Change: Carbon Sequestration,Processes or mechanisms that capture and store atmospheric carbon dioxide to mitigate climate change.,1103
L48_21,Climate Change: Sustainable Development,"Models balancing economic growth, environmental protection, and sustainable resource use for climate resilience.",1087
L48_22,Climate Change: Technological Innovation,Advanced technologies and innovations enabling sustainable solutions to mitigate and adapt to climate change.,1017
L48_23,Climate Change: Climate Finance,Financial mechanisms and systems supporting investments and reporting for climate change mitigation and adaptation.,1002
L48_24,Climate Change: Cryosphere Changes,Glacier and ice sheet melting in polar regions driving sea level rise.,950
L48_25,Climate Change: Public Awareness,"Raising knowledge, understanding, and engagement on climate change and sustainability through education and communication.",906
L48_26,Climate Change: Evolutionary Biology,Examines how species evolve and adapt in response to environmental pressures from climate change.,829
L48_27,Climate Change: Industrial Biotechnology,Use of engineered biological systems and sustainable feedstocks in industry to produce renewables and reduce emissions.,827
L48_28,Climate Change: Disaster Preparedness,Planning and efforts to prevent and reduce risks from extreme weather events linked to climate change.,768
L48_29,Climate Change: Risk Assessment,Evaluating existential and broad global risks posed by climate change and related systemic threats.,754
L48_30,Climate Change: Infectious Diseases,Examines climate-driven changes affecting disease patterns and antibiotic resistance development.,741
L48_31,Climate Change: Causes,"Factors contributing to global warming, including greenhouse gases and human activities.",733
L48_32,Climate Change: Infrastructure Resilience,"Strategies to design, protect, and improve infrastructure against climate hazards to support resilience.",724
L48_33,Climate Change: Medical Innovation,"Development of diagnostics, treatments, and adaptive health strategies for diseases affected by climate change.",698
L48_34,Climate Change: Energy Efficiency,Evaluating cost-effectiveness and methods to improve energy-saving appliance performance and efficiency.,693
L48_35,Climate Change: Attribution Science,Techniques linking observed climate changes to human and natural causes using statistical and analytical methods.,690
L48_36,Climate Change: Temperature Trends,Observed and projected changes in global surface temperatures and their climatic impacts.,664
L48_37,Climate Change: Corporate Sustainability,Companies adopting renewable energy and sustainable practices to reduce carbon footprints and environmental impact.,644
L48_38,Climate Change: Natural Forcings,"Climate variations caused by natural factors like solar radiation, volcanic activity, and ocean cycles.",626
L48_39,Climate Change: Ocean Heat Dynamics,"Study of ocean heat absorption, storage, and its role in temperature variability and climate change.",618
L48_40,Climate Change: Community Engagement,"Mobilizing citizens, leaders, and groups to collaborate on climate action, advocacy, and local adaptation.",560
L48_41,Climate Change: Regional Vulnerability,Examines how different regions face varying susceptibility and risks from climate change impacts.,523
L48_42,Climate Change: Financial Risk,"Examining how climate change impacts financial risks, economic stability, and risk assessment metrics in markets.",517
L48_43,Climate Change: Atmospheric Processes,"Physical and chemical processes in the atmosphere affecting weather, climate, and energy exchanges.",516
L48_44,Climate Change: Vulnerable Populations,Focuses on climate impacts and adaptive challenges faced by at-risk human communities.,496
L48_45,Climate Change: Resource Management,"Approaches to sustainable use, conservation, and management of Earth's natural resources amid climate change.",463
L48_46,Climate Change: Net Zero Targets,Corporate and strategic plans to balance emitted and removed greenhouse gases by specific future dates.,459
L48_47,Climate Change: Fisheries Management,"Sustainable, adaptive fisheries and aquaculture addressing climate impacts on marine populations and food supply.",442
L48_48,Climate Change: Building Sector,"Impact of building construction, operation, emissions, and sustainable design on greenhouse gases and energy use.",439
L48_49,Climate Change: Indigenous Knowledge,Traditional and scientific knowledge supporting Indigenous adaptation and mitigation to climate change impacts.,416
L48_50,Climate Change: Sustainable Transportation,Promoting low-carbon travel modes and innovations to reduce emissions from vehicles and urban transport.,402
L48_51,Climate Change: International Cooperation,Cross-border collaboration among countries and organizations to address climate challenges under global frameworks.,400
L48_52,Climate Change: Transportation Emissions,"Examines pollution from vehicle engines, tires, and related sources contributing to transport emissions.",400
L48_53,Climate Change: Low-Carbon Technologies,Assessing nuclear energy and other low-emission technologies for climate change mitigation.,383
L48_54,Climate Change: Behavioral Change,Adopting new routines and psychological approaches to reduce environmental impact and promote climate-friendly behaviors.,380
L48_55,Climate Change: Microbial Ecology,Investigation of microbes and their adaptations to survive and influence climate-related environmental changes.,361
L48_56,Climate Change: Natural Hazards,"Risks of climate-induced events like landslides, avalanches, and extreme weather in mountainous areas.",352
L48_57,Climate Change: Earth Interior Dynamics,"Study of internal Earth processes, including mantle and core activity, affecting geological and climate systems.",352
L48_58,Climate Change: Geophysical Hazards,Study of geological and tectonic processes affecting hazard risks linked to climate change.,340
L48_59,Climate Change: Energy Infrastructure,Developing and integrating systems for clean energy transition including CO2 storage and transport infrastructure.,337
L48_60,Climate Change: Climate Feedbacks,Processes where climate change effects amplify or dampen further climate changes via Earth system interactions.,327
L48_61,Climate Change: Livelihood Adaptation,Shifts and strategies in livelihoods as adaptive responses to climate variability and risks.,315
L48_62,Climate Change: Atmospheric Circulation,"Atmospheric circulation changes impacting tropical rainfall, monsoons, and hydroclimatic patterns due to climate change.",311
L48_63,Climate Change: Freshwater Ecosystems,Environmental stress and degradation affecting freshwater systems and their ecological balance.,308
L48_64,Climate Change: Arctic Ecosystems,Effects of rising temperatures and melting sea ice on Arctic habitats and species.,299
L48_65,Climate Change: Urban Ecology,"Integrating urban trees and natural systems to enhance health, biodiversity, and climate resilience in cities.",299
L48_66,Climate Change: Biogeochemical Cycles,Interactions of Earth's chemical and physical element cycles influencing climate feedbacks and system processes.,292
L48_67,Climate Change: Mitigation Costs,Financial and economic assessments related to the costs of achieving net zero emissions.,286
L48_68,Climate Change: Wildfire Dynamics,"Impact of climate change on wildfire frequency, intensity, and resulting emissions influencing climate feedback loops.",257
L48_69,Climate Change: Plant Physiology,"Study of plant growth, metabolic and physiological responses under changing climate conditions.",251
L48_70,Climate Change: Volcanic Impacts,Role of volcanic eruptions and emissions in affecting atmospheric composition and climate change.,234
L48_71,Climate Change: Tourism Impacts,"Effects of climate change on tourism patterns, infrastructure, local economies, and related sectors.",230
L48_72,Climate Change: Societal Transformation,Calls for radical societal and systemic changes beyond minor measures to effectively address the climate crisis.,227
L48_73,Climate Change: Human Migration,Movement of populations driven by environmental degradation and climate impacts.,219
L48_74,Climate Change: Environmental Toxicology,"Impact of climate change on toxic pollutants’ cycling, bioaccumulation, and ecosystem health.",210
L48_75,Climate Change: Invasive Species,Impact of climate change facilitating invasive species spread and dominance over native plants and ecosystems.,206
L48_76,Climate Change: Technology Impact,Environmental footprint and effects of AI and technologies on sustainability and climate goals.,205
L48_77,Climate Change: Ozone Depletion,Impact and dynamics of ozone layer thinning and related environmental effects under climate change.,203
L48_78,Climate Change: Geoengineering,Techniques to deliberately modify planetary environments to create habitable conditions.,195
L48_79,Climate Change: Marine Pollution,Plastic and chemical pollution in oceans harming marine ecosystems and causing environmental degradation.,193
L48_80,Climate Change: Crop Disease,How climate variables affect prevalence and impacts of crop diseases and pathogens.,186
L48_81,Climate Change: Scientific Consensus,Debates and misinformation challenging the established scientific consensus on climate change.,184
L48_82,Climate Change: Environmental Health,Mining-induced environmental degradation impacting human health and ecosystems in affected regions.,164
L48_83,Climate Change: Human-Environment Interaction,How human activities and natural systems interact and influence climate change and ecosystems.,155
L48_84,Climate Change: Soil Health,Improving soil quality and fertility through sustainable practices that support carbon sequestration.,149
L48_85,Climate Change: Renewable Integration,"Balancing variable renewable and conventional energy to maintain reliable, stable power grids under climate change.",148
L48_86,Climate Change: Uncertainty Analysis,"Breaking down sources of projection uncertainty including scenario, model biases, internal variability, and external forcings.",147
L48_87,Climate Change: Energy Demand,Impact of climate change on predicting and modeling future energy demand and related emissions.,143
L48_88,Climate Change: Tipping Points,"Concept of critical thresholds causing abrupt, irreversible changes in climate and ecosystems.",140
L48_89,Climate Change: Sustainable Diets,"Diet plans emphasizing low-carbon, plant-based food choices to reduce emissions and environmental impact.",135
L48_90,Climate Change: Capacity Building,Training on investor pitching and networking to enhance fundraising success for climate ventures.,125
L48_91,Climate Change: Agricultural Supply Chains,Impact of climate disruptions on the flow and logistics of agricultural goods from farms to markets.,124
L48_92,Climate Change: Mountain Ecosystems,"Impacts of climate change on biodiversity, habitat, and ecosystem dynamics in mountain environments.",123
L48_93,Climate Change: Agroforestry,Integrating trees with crops to reduce heat stress and enhance resilience in farming systems.,123
L48_94,Climate Change: Biological Responses,How temperature-driven metabolic changes affect growth and resource use in aquatic species.,122
L48_95,Climate Change: Mining Impacts,"Effects of climate change on mining operations, costs, and sustainability risks.",118
L48_96,Climate Change: Urban Heat Island,Effects and risks of temperature increases due to urban heat islands and urban infrastructure.,117
L48_97,Climate Change: Carbon Budgets,"Limits on allowable emissions to keep warming within global temperature targets, including climate forcers.",115
L48_98,Climate Change: Technology Transfer,Barriers and capacity-building needed for developing countries to adopt and diffuse climate technologies.,113
L48_99,Climate Change: Wildlife Disease Management,Approaches to control and limit wildlife diseases amid climate-driven changes in animal populations.,112
L48_100,Climate Change: Permafrost Thaw,Warming-driven thawing of permafrost releasing greenhouse gases and amplifying climate change impacts.,111
L48_101,Climate Change: Animal Welfare,Impact of temperature extremes on pets and wildlife due to heat exposure from climate change.,110
L48_102,Climate Change: Conflict & Security,"Climate-induced resource scarcity, migration, and security threats contributing to conflicts and instability.",109
L48_103,Climate Change: Energy Production Impacts,"Effects of fossil fuel extraction and related infrastructure on wildlife, ecosystems, and human health.",108
L48_104,Climate Change: Adaptation Limits,"Boundaries where adaptation fails to prevent intolerable climate risks, temporary or permanent.",105
L48_105,Climate Change: Agricultural Innovation,Applying automation and digital tools to improve sustainable farming and reduce emissions.,104
L48_106,Climate Change: Urban Infrastructure,Challenges in HVAC equipment selection considering long-term climate-driven changes in cooling demand.,93
L48_107,Climate Change: Coastal Adaptation,Strategies to protect coastal cities from sea level rise and climate-related hazards.,93
L48_108,Climate Change: Earth System Interactions,Analysis of interactions among Earth's spheres and processes influencing climate shifts over geological time.,93
L48_109,Climate Change: Blue Carbon Ecosystems,"Carbon sequestration by marine coastal ecosystems like seagrass meadows, mangroves, and tidal marshes.",93
L48_110,Climate Change: Materials Science,"Development and analysis of materials for energy, environmental, and green technology uses in climate change.",92
L48_111,Climate Change: Basic Concepts,"Scientific definitions, terminology, and distinctions clarifying global warming and broader environmental changes.",92
L48_112,Climate Change: Social Protection,Programs like cash transfers and weather insurance supporting immediate relief and adaptive capacity.,86
L48_113,Climate Change: Human-Wildlife Interaction,Mapping where human settlements meet wildlands to address environmental conflicts and zoonotic disease risks.,85
L48_114,Climate Change: Industrial Adaptation,Strategies and challenges for industries to adjust operations amid climate-related changes.,83
L48_115,Climate Change: Adaptation & Risk,Technological adaptation and climate extremes influence electricity demand sensitivity and risk of outages.,81
L48_116,Climate Change: Interdisciplinary Research,Integration of multiple disciplines to collaboratively address climate change challenges.,80
L48_117,Climate Change: Agricultural Economics,Impact of climate variability on crop yields and export performance in Lithuania's plant product sector.,79
L48_118,Climate Change: Methane Mitigation,Strategies to detect and reduce methane emissions to limit potent greenhouse gas effects.,79
L48_119,Climate Change: Tropical Forest Ecosystems,"Examining impacts of climate change on tropical forests’ health, carbon storage, and ecosystem stability.",78
L48_120,Climate Change: Marine Heatwaves,"Increasing frequency, intensity, and duration of anomalously warm ocean surface temperature events.",77
L48_121,Climate Change: Disaster Resilience,"Technologies enhancing building safety and disaster response against events like earthquakes, explosions, and fires.",77
L48_122,Climate Change: Cloud Microphysics,Study of particle activation and nucleation impacting cloud development and climate feedbacks.,77
L48_123,Climate Change: Policy Evaluation,Analyzing effectiveness and outcomes of climate change responses in diverse geographic contexts.,76
L48_124,Climate Change: Forest Management,Evolving societal concerns and forestry practices amid climate change impacts and forest health decline.,75
L48_125,Climate Change: Socioeconomic Inequality,"Irrigation and finance projects increasing land, economic concentration, and inequity impacting vulnerable populations and resilience.",75
L48_126,Climate Change: Aviation Emissions,Reducing greenhouse gases and radiative forcing from civil aviation to mitigate climate change impacts.,74
L48_127,Climate Change: International Trade,"Examines carbon-related policies, tariffs, and emissions within international trade shaping climate outcomes.",73
L48_128,Climate Change: Energy Budget,Analysis of Earth's energy flows and imbalances affecting global temperature and surface dynamics.,70
L48_129,Climate Change: Sustainable Development Goals,SDG 13 focuses on urgent actions to combat climate change and its impacts globally.,69
L48_130,Climate Change: ESG Compliance,"Organizations enhancing measurement and reporting to meet environmental, social, and governance commitments.",69
L48_131,Climate Change: Species Migration,Alterations in migratory routes and timing of species due to climate shifts.,69
L48_132,Climate Change: Risk Communication,Visual and verbal methods to effectively convey climate risks and adaptation needs to diverse audiences.,69
L48_133,Climate Change: Energy Access,"Providing safe, affordable, sustainable energy globally to support development and reduce emissions.",68
L48_134,Climate Change: International Relations,Geopolitical implications of energy policies affecting cooperation and energy security among nations.,66
L48_135,Climate Change: Polar Climate Dynamics,Exploring temperature fluctuations and seasonal inversions specific to the Arctic and Antarctic regions.,63
L48_136,Climate Change: Water Pollution,"Industrial pollutants contaminating water resources, impacting ecosystems and human health in southern Kamchatka.",62
L48_137,Climate Change: Water-Energy-Food Nexus,"Interconnections among water, energy, and food systems affecting environmental quality and sustainability.",62
L48_138,Climate Change: Mitigation Trade-offs,"Risks and conflicts from mitigation efforts causing competition for land, water, and environmental trade-offs in food production.",62
L48_139,Climate Change: Disaster Recovery,Focuses on long-term community and ecological rebuilding after climate-related natural disasters.,62
L48_140,Climate Change: Food Safety,Effects of climate change on contamination risks and chemical changes affecting food safety and quality.,62
L48_141,Climate Change: Natural Hazards Monitoring,"AI and sensor technologies to detect and predict volcanic, seismic, and underground hazards for early warnings.",60
L48_142,Climate Change: Agricultural Policy,Interactions between agricultural frameworks and climate objectives affecting emissions and sustainability.,60
L48_143,Climate Change: Space Weather Impacts,"Effects of solar and cosmic phenomena on satellites, atmosphere, climate systems, and infrastructure vulnerability.",59
L48_144,Climate Change: Transition Pathways,Sequencing actions and strategies for achieving net zero emissions and avoiding lock-in in industry sectors.,57
L48_145,Climate Change: Sustainable Fashion,"Reducing environmental harm by promoting eco-friendly materials, ethical labor, and minimizing textile waste.",57
L48_146,Climate Change: Entrepreneurship,Using business innovation and startups to develop solutions addressing climate change challenges.,57
L48_147,Climate Change: Astrobiology & Habitability,"Study of Earth-like planets, life origins, and conditions supporting habitability on Earth and beyond.",56
L48_148,Climate Change: Long-term Impacts,"Climate effects and commitments extend beyond 2300, influencing sea levels and ecosystems for millennia.",56
L48_149,Climate Change: Crop Nutrition,Effects of elevated CO2 on nutrient content in crops impacting nutrition and food quality.,54
L48_150,Climate Change: Pollinator Ecology,"Study of climate change effects on pollinator biology, behavior, and ecosystem pollination functions.",54
L48_151,Climate Change: Feedback Mechanisms,Societal feedback loops that exacerbate warming and the urgency to reduce carbon emissions.,53
L48_152,Climate Change: Energy Sector,Role of energy production and transport in increasing Colombia's greenhouse gas emissions.,53
L48_153,Climate Change: Data Accessibility,"Practical and equity challenges in accessing, sharing, and applying climate data for diverse users.",52
L48_154,Climate Change: Coastal Dynamics,Changes in wave conditions and coastal morphology influenced by sea ice loss and relative sea level rise.,48
L48_155,Climate Change: Loss and Damage,"Irreversible harm from climate impacts including physical, social, and cultural dimensions.",46
L48_156,Climate Change: Sectoral Vulnerability,Analyzing how different sectors are affected by climate hazards based on exposure and tolerance thresholds.,46
L48_157,Climate Change: Knowledge Co-production,Collaboration among stakeholders to create and apply relevant climate knowledge reflecting user needs and values.,45
L48_158,Climate Change: Carbon Offsetting,"Using carbon farming, tree planting, and market mechanisms to reduce carbon footprints and support net zero goals.",44
L48_159,Climate Change: Knowledge Integration,Challenges in combining indigenous/local knowledge with scientific data for comprehensive climate assessments.,42
L48_160,Climate Change: Wildfire Management,"Strategies and policies to prevent, respond to, and mitigate wildfires caused by human activities.",41
L48_161,Climate Change: Polar Ecology,"Impact of warming on Antarctic ecosystems, including new plant growth due to ice melt.",41
L48_162,Climate Change: Research Methods,"Scientific methods and tools used to study biodiversity, biological responses, and molecular impacts related to climate change.",41
L48_163,Climate Change: Critical Minerals,"Issues related to resource availability, labor rights, and environmental impacts of minerals for lithium-ion batteries.",40
L48_164,Climate Change: Soil Carbon Dynamics,Shifts in soil carbon balance affecting carbon storage and emissions in Russian soils.,40
L48_165,Climate Change: Boreal Ecosystems,"Study of water loss, carbon dynamics, and pollution impacts in boreal forests and peatlands under warming.",40
L48_166,Climate Change: Wildfire Early Warning,"Development and use of systems for forecasting, detecting, and monitoring wildfires to reduce risks.",39
L48_167,Climate Change: Adaptation Technologies,"Natural, cost-effective methods to cool or heat water in hot climates without mechanical chillers.",39
L48_168,Climate Change: Environmental Remediation,"Efforts to clean, restore, and green industrial sites to reduce pollution and environmental harm.",39
L48_169,Climate Change: Nuclear Safety,"Risks, preparedness, and environmental hazard management of nuclear energy under climate change impacts.",39
L48_170,Climate Change: Planetary Climate,Study of climate characteristics and temperature dynamics in planetary atmospheres and surfaces.,38
L48_171,Climate Change: Emissions Inequality,Examines greenhouse gas emissions disparities and climate impact inequalities based on income and region.,37
L48_172,Climate Change: Resource Efficiency,Applying the Pareto Principle to prioritize sustainability actions in logistics and resource use.,36
L48_173,Climate Change: Supply Chain Resilience,Addressing vulnerabilities and environmental impacts in raw material sourcing and logistics for climate mitigation.,36
L48_174,Climate Change: Air Pollution Impacts,"Effects of tropospheric ozone pollution on crop health, plant communication, and agricultural productivity.",35
L48_175,Climate Change: Historical Trends,Examining changes and developments in climate change evidence and impacts from 1990 to present.,35
L48_176,Climate Change: Maladaptation Risks,Unintended negative consequences of adaptation actions that increase vulnerability or cause environmental harm.,34
L48_177,Climate Change: Carbon Leakage,Emission increases in non-regulated regions due to unilateral climate policies in trade-exposed sectors.,34
L48_178,Climate Change: Agricultural Pollution,"Impacts of fertilisers, agrochemicals, and pesticides on ecosystems, contributing to eutrophication and toxicity.",34
L48_179,Climate Change: Socioeconomic Benefits,"Nature-based tourism, fisheries, and economic activities supporting local livelihoods and resilience.",34
L48_180,Climate Change: Sustainable IT,Using IT and software solutions to reduce energy use and carbon emissions in digital systems.,34
L48_181,Climate Change: REDD+ Initiatives,"Programs focused on reducing emissions from deforestation and forest degradation, including peatland restoration.",34
L48_182,Climate Change: Maritime Emissions,Regulations and technologies for reducing greenhouse gas emissions from shipping and maritime transport.,32
L48_183,Climate Change: Household Emissions,Reducing greenhouse gas emissions generated by residential energy use and lifestyle choices.,32
L48_184,Climate Change: Sectoral Interactions,Studies how different economic sectors interact and influence overall climate mitigation efforts.,32
L48_185,Climate Change: Tropical Cyclones,Mechanisms of air-sea interactions driving the formation and development of tropical cyclones under climate change.,31
L48_186,Climate Change: Hydropower Impacts,Effects of changing glacier melt and rainfall patterns on hydropower generation capacity.,31
L48_187,Climate Change: Land Use & Food,Importance of addressing emissions and sustainability issues in land and food sectors alongside climate efforts.,31
L48_188,Climate Change: Wildlife Management,Examines hunting's impact on ecosystems and carbon cycles influencing climate regulation.,30
L48_189,Climate Change: Compound Events,Study of concurrent or multivariate extreme events and their increasing relevance to climate impacts.,30
L48_190,Climate Change: Urbanization Trends,Increasing global urban populations influencing vulnerability and adaptation to climate-related water challenges.,30
L48_191,Climate Change: Sustainable Tourism,Promoting travel and tourism practices that minimize environmental impact and support ecological preservation.,29
L48_192,Climate Change: Sustainable Living,Living within Earth's resource limits to ensure environmental balance and social well-being.,28
L48_193,Climate Change: Environmental Ethics,Moral principles guiding responsible environmental protection and ethical climate action.,28
L48_194,Climate Change: Species Conservation,Conservation challenges for Pacific salmon due to environmental stressors and climate-driven habitat changes.,27
L48_195,Climate Change: Biomimicry & Technology,Using biological principles and innovative technologies for climate adaptation and resilience.,26
L48_196,Climate Change: Biological Aging,Study of molecular and cellular aging mechanisms in mammals relevant for understanding climate-related health impacts.,26
L48_197,Climate Change: Molecular Biology,Study of molecular assembly and function of photosynthetic protein complexes critical for CO2 fixation.,25
L48_198,Climate Change: Legal Frameworks,"Current international refugee laws inadequately address climate-induced displacement, requiring urgent reform.",25
L48_199,Climate Change: Scientific Integrity,"Assessment of honesty, rigor, and transparency in climate science research and data.",25
L48_200,Climate Change: Viticulture,"Impact of climate factors on grape growing and wine production, including temperature and weather extremes.",25
L48_201,Climate Change: Agroecology,Impact of warming winters on sustainable agricultural ecosystems like permaculture food forests.,25
L48_202,Climate Change: Greenwashing,"The practice, prevention, and strategies related to falsely portraying environmental benefits in products or policies.",25
L48_203,Climate Change: Arctic Monitoring,Continuous data collection and scientific research on Arctic climate processes and impacts.,24
L48_204,Climate Change: Research Funding,Challenges in securing funding for research that disputes mainstream climate change science.,23
L48_205,Climate Change: Disease Mechanisms,Understanding cellular and organismal processes affected by climate change influencing disease and immune responses.,23
L48_206,Climate Change: Teleconnections,Wave patterns linking distant climate anomalies and their impact on weather and climate across regions.,22
L48_207,Climate Change: Methane Cycle,"Microbial and soil processes influencing atmospheric methane emissions and uptake, a key greenhouse gas.",22
L48_208,Climate Change: Geoengineering Risks,"Potential consequences and risks, including abrupt climate changes after stopping interventions.",22
L48_209,Climate Change: Natural Pest Control,Strategies using natural organisms and chemicals to manage pests sustainably under climate change.,21
L48_210,Climate Change: Evolutionary Adaptations,"Warm-bloodedness and erect posture evolved rapidly post-extinction, aiding survival in changing Triassic climates.",21
L48_211,Climate Change: Infrastructure Emissions,Impact of urban infrastructure's embodied emissions on overall city greenhouse gas outputs.,19
L48_212,Climate Change: Environmental Biology,Study of how environmental factors influence molecular and epigenetic processes affecting organisms.,19
L48_213,Climate Change: Ecosystem Stability,Long-term stability of African savannah and tropical forest biomes influencing restoration and conservation efforts.,19
L48_214,Climate Change: Radiation Effects,"Research on how radiation exposure impacts health, ecosystems, and cellular damage mechanisms.",19
L48_215,Climate Change: Climate Classification,Using climatic characteristics such as temperature and precipitation to categorize regional climate zones.,18
L48_216,Climate Change: Relocation Strategies,"Challenges, policies, and planning for relocating communities to manage and adapt to climate risks.",18
L48_217,Climate Change: Food Systems Resilience,"Enhancing food systems' capacity to withstand climate impacts while improving nutrition, equity, and infrastructure.",18
L48_218,Climate Change: Social Learning,Role of diverse knowledge and social learning in adaptive policymaking and climate resilience.,18
L48_219,Climate Change: Economic Decoupling,"Separation of CO2 emissions from GDP growth, mainly in high-income countries, indicating sustainable economic development.",18
L48_220,Climate Change: Knowledge Gaps,Need to differentiate and understand cumulative impacts of multiple environmental drivers on ecosystems.,17
L48_221,Climate Change: Coastal and Ocean Planning,Integrated spatial management of coastal and ocean regions considering climate impacts and ecological risks.,17
L48_222,Climate Change: Magnetosphere Dynamics,Research on Earth’s magnetic field interaction with solar wind and charged particles affecting climate and environment.,17
L48_223,Climate Change: Environmental Trade-offs,Assessing negative effects on air quality and biodiversity from mining and processing activities.,17
L48_224,Climate Change: Fossil Fuel Subsidies,Government financial support for fossil fuel industries undermining climate mitigation and disaster preparedness.,16
L48_225,Climate Change: One Health Approach,"Integrating human, animal, and environmental health to enhance disease outbreak prevention and response.",16
L48_226,Climate Change: Light Pollution,"Artificial satellites increase night sky brightness, impacting natural darkness and astronomical observations globally.",15
L48_227,Climate Change: Geochemical Processes,Mantle layering explains geochemical diversity in basalts and episodic continental crust growth.,15
L48_228,Climate Change: Biosafety & Risk Management,Molecular safeguards and strategies preventing unintended gene drive spread to ensure ecological safety in climate interventions.,15
L48_229,Climate Change: Habitat Connectivity,Creating corridors and semi-wild patches to facilitate wildlife movement across fragmented landscapes.,15
L48_230,Climate Change: Energy Resilience,Distributed and decentralized energy systems that enhance resilience and reliability in rural and developing regions.,15
L48_231,Climate Change: Population Pressure,Examining Earth's maximum human carrying capacity and its implications for resource use and sustainability.,15
L48_232,Climate Change: Ocean Noise Pollution,"Human-made underwater noise disrupting marine life behavior, physiology, and ecosystem health.",15
L48_233,Climate Change: Urban Development,"Effects of rising car ownership on urban planning, congestion, and sustainable city growth.",14
L48_234,Climate Change: Geothermal Energy,Monitoring and utilizing geothermal energy sources for sustainable power and climate impact assessments.,14
L48_235,Climate Change: Winter Sports,Impact of warming temperatures and altered snowfall patterns on winter sports destinations.,14
L48_236,Climate Change: Development Goals,"Analyzes interactions between climate adaptation and sustainable development objectives, including gender and local inclusion.",14
L48_237,Climate Change: Resource Geology,Geological processes and resource availability affecting natural resource formation and sustainability under climate change.,14
L48_238,Climate Change: Impact Events,"Study of climate-driven events causing ecological, economic, and systemic global changes.",14
L48_239,Climate Change: Geospatial Technologies,"Using GIS and spatial technologies to analyze, map, and mitigate climate-related environmental risks.",13
L48_240,Climate Change: Microclimate Effects,Studies local slope orientation impacts on temperature and radiation under varying solar declination.,13
L48_241,Climate Change: Regulatory Impact,"Effects of climate-related regulations on business compliance costs, market behavior, and policy interactions.",13
L48_242,Climate Change: Metabolic Health,Research on fat metabolism and energy expenditure affecting obesity and metabolic health under climate change.,13
L48_243,Climate Change: Blue Economy,"Shelf seas support fisheries, aquaculture, and renewable energy, linking climate impacts with economic activities.",13
L48_244,Climate Change: Ecosystem Productivity,Projected changes in net primary productivity across grazing lands under future climate scenarios.,12
L48_245,Climate Change: Negative Emissions Technologies,Effectiveness and emissions of BECCS depend on optimization of bioenergy conversion processes.,12
L48_246,Climate Change: Arctic Shipping,"Increased Arctic marine traffic due to sea ice loss, raising ecological, economic, and geopolitical risks.",12
L48_247,Climate Change: Transport Planning,Integration of transport and land use planning as a mitigation and adaptation strategy in climate policies.,12
L48_248,Climate Change: Wildlife Forensics,Use of DNA and forensic methods to detect and combat illegal wildlife trade and poaching.,12
L48_249,Climate Change: Pandemic Impact,Effects of COVID-19 and governmental actions on emission trends and climate mitigation efforts.,12
L48_250,Climate Change: Water Purification,Innovative renewable energy technologies to purify and desalinate water for clean drinking.,11
L48_251,Climate Change: Mitigation Timing,Delays in observable climate benefits from emissions reductions due to system inertia and internal variability.,11
L48_252,Climate Change: Ecosystem Connectivity,"Airborne microbes link terrestrial and marine ecosystems, highlighting interconnected ecosystem health and conservation needs.",11
L48_253,Climate Change: Biogenic Emissions,"Natural volatile organic compounds emissions affected by climate, CO2, and land-use changes.",11
L48_254,Climate Change: Chemical Catalysis,Improving catalysts to enhance efficiency and sustainability in CO2 conversion and emission reduction.,10
L48_255,Climate Change: Developing Countries,"Issues around energy use, climate risks, and support needs in developing nations.",10
L48_256,Climate Change: Transboundary Resource Management,Changing distributions of shared fish stocks challenge international cooperation and resource-sharing agreements.,10
L48_257,Climate Change: Weather Phenomena,Thunderstorms and dynamic weather events influenced by atmospheric and climate factors.,10
L48_258,Climate Change: Urban Innovation,Innovative smart city projects and adaptive technologies addressing urban climate challenges.,10
L48_259,Climate Change: Environmental Epidemiology,Studies complex relationships between climatic factors and respiratory disease patterns across different locations.,9
L48_260,Climate Change: Land Surface Modeling,Application of observation-driven models to assess long-term soil moisture and hydrological changes.,9
L48_261,Climate Change: Land Rights,The role of property rights and tenure security in sustainable land management and climate adaptation.,9
L48_262,Climate Change: Implementation Science,Studying how to bridge the gap between climate knowledge and practical health sector actions.,9
L48_263,Climate Change: Deep-Sea Ecology,Study of deep ocean organisms and ecosystems impacted by climate and environmental changes.,9
L48_264,Climate Change: Geotechnical Engineering,Research on soil behavior and properties under climate stressors to inform structural hazard mitigation.,9
L48_265,Climate Change: Plant Ecology,Studying biotic and abiotic interactions affecting wild and cultivated plant species under future climate scenarios.,9
L48_266,Climate Change: Scientific Research & Innovation,Studies and innovations employing computational and quantum methods to understand and convert CO2.,9
L48_267,Climate Change: Career Pathways,Guidance on transitioning into climate science careers from other academic backgrounds.,8
L48_268,Climate Change: Desert Ecology,Impact of rising temperatures and dryness on desert reptiles and their survival strategies.,8
L48_269,Climate Change: Mountain Building,Processes of tectonic collision and uplift shaping mountains and influencing regional climate and ecosystems.,8
L48_270,Climate Change: Ecological Transition,Shifting to low-impact materials like wood to support sustainability and climate mitigation goals.,8
L48_271,Climate Change: Regional Temperature Variability,"Certain regions like Alaska experience temperature rises far exceeding global averages, accelerating ice loss.",8
L48_272,Climate Change: Marine Food Webs,Differential responses across marine trophic levels causing mismatches and impacting predator-prey dynamics.,8
L48_273,Climate Change: Renewable Energy Standards,Global criteria and certification principles ensuring sustainable and credible green hydrogen and renewable energy production.,8
L48_274,Climate Change: Ancient Agriculture,Study of ancient farming practices and crop adaptation to historical climate changes.,8
L48_275,Climate Change: Behavioral Economics,Application of prospect theory to understand environmental decision-making under risk and uncertainty.,7
L48_276,Climate Change: Wastewater Management,Adjusting treatment systems to handle changes in wastewater due to climate-driven sediment increases.,7
L48_277,Climate Change: Biological Rhythms,Study of gene-regulated circadian and seasonal biological mechanisms responding to environmental light and seasonality.,7
L48_278,Climate Change: Genomic Surveillance,"Large-scale virus genome sequencing to track mutations, transmission, and support outbreak detection.",7
L48_279,Climate Change: Nutrition & Immunity,"Traditional diets rich in anti-inflammatory foods support immune health, mitigating lifestyle disease risks.",7
L48_280,Climate Change: Peacebuilding,Integrating climate resilience into peace efforts to reduce conflict risks linked to environmental changes.,7
L48_281,Climate Change: Biotechnology & Ethics,Use of genome editing in livestock and ethical challenges of genetically modified foods in climate contexts.,7
L48_282,Climate Change: Water and Sanitation Emissions,Greenhouse gas emissions related to energy use and waste treatment in water and sanitation systems.,7
L48_283,Climate Change: Industry Diversification,Reducing reliance on one sector to enhance resilience and sustainability in climate-impacted industries.,7
L48_284,Climate Change: Labor & Recreation,Impact of extreme heat on outdoor labor productivity and viability of sporting and recreational events.,7
L48_285,Climate Change: Vulnerable Systems,Focus on highly sensitive ecosystems like coral reefs and Arctic ice with low adaptive capacity.,7
L48_286,Climate Change: Complexity Science,Applying complexity concepts like emergence and scale to analyze adaptive behaviors in social and ecological systems under climate change.,7
L48_287,Climate Change: Genetic Technologies,Advances in genetics enabling species differentiation and genetic management in marine mammals impacted by climate change.,7
L48_288,Climate Change: Scientific Research Impact,Effects of climate change on scientific research and evaluation of researchers’ contributions.,7
L48_289,Climate Change: Arctic Environmental Risks,Environmental challenges and emission impacts in the Arctic due to warming and human activities.,7
L48_290,Climate Change: Seasonal Variability,"Assessing how drought occurrences vary by season (DJF, MAM, JJA, SON) under changing climate conditions.",6
L48_291,Climate Change: Battery Recycling,"Methods to recycle lithium-ion batteries efficiently, reducing environmental impact and conserving resources.",6
L48_292,Climate Change: Ecosystem Services Valuation,"Methods to quantify cultural benefits of marine ecosystems, often challenging due to spiritual and community values.",6
L48_293,Climate Change: MRV Systems,"Measurement, reporting, and verification ensure transparency and accuracy in tracking land-based carbon stock changes.",6
L48_294,Climate Change: Human-Animal Interactions,Examines the role of pets and wildlife in providing emotional and physical support during crises.,6
L48_295,Climate Change: Social Benefits,Energy renovations yield social and economic benefits including health improvements and cost reductions.,6
L48_296,Climate Change: Green Hydrogen,"Ethical, production, resource, and social impact issues related to sustainable green hydrogen technology.",6
L48_297,Climate Change: Informal Economy,"Role of informal sector in employment, GDP, and potential for climate mitigation activities.",6
L48_298,Climate Change: Rural Development,Biochar technology empowers local communities with cleaner energy and supports agricultural and energy security.,5
L48_299,Climate Change: Marine Resources,Impact of climate change on ocean-derived non-food products and their availability or quality.,5
L48_300,Climate Change: Education Impacts,"Climate change disrupts learning via weather and temperature effects, affecting education outcomes and human capital.",5
L48_301,Climate Change: Earthquake Mechanics,Fluid viscosity influences fault slip and earthquake intensity by reducing friction and affecting heat-induced lubrication.,5
L48_302,Climate Change: Remote Sensing Challenges,"Limitations of passive sensor algorithms in accurately detecting features over snow, water, and complex terrain.",5
L48_303,Climate Change: Labor Market Dynamics,"Employment changes due to climate policies differ across regions, sectors, and skill levels.",5
L48_304,Climate Change: Clean Energy Storage,"Innovations in battery technologies enhancing electric vehicle range, safety, and clean transport solutions.",5
L48_305,Climate Change: Battery Production Impacts,Reducing emissions and managing risks in battery manufacturing for sustainable energy storage solutions.,5
L48_306,Climate Change: Dryland Expansion,Aridity changes causing expansion and poleward shifts of dryland areas globally.,5
L48_307,Climate Change: Urban-Rural Linkages,Interconnections between urban and rural systems supporting landscape adaptations with climate mitigation and development benefits.,5
L48_308,Climate Change: Energy & Controversy,"Public debate and conflicting views on energy solutions, including fossil fuels and renewables.",5
L48_309,Climate Change: Project Planning,Defining and executing objectives and tasks for projects focused on sustainable climate solutions.,5
L48_310,Climate Change: Globalization Impacts,"Global trade shifts water demand geographically, affecting local food and water security in dependent regions.",5
L48_311,Climate Change: Nutrition and Cognitive Development,Links between malnutrition and long-term reductions in cognitive function and educational outcomes influenced by climate change.,5
L48_312,Climate Change: Digital Infrastructure,"Developing secure, privacy-focused internet frameworks aligned with equitable global governance.",5
L48_313,Climate Change: Policy Design,Stricter climate policies emerge when ethical values extend beyond standard discounting approaches.,4
L48_314,Climate Change: Disaster Displacement,Flood-induced displacement driven by poverty and worsened by climate change impacts in vulnerable African populations.,4
L48_315,Climate Change: Transport Demand Management,"Policies and incentives to manage and reduce demand for transport services, supporting systemic behavioral shifts.",4
L48_316,Climate Change: Space Debris Management,Tracking and mitigating space debris protects satellites essential for climate data and communication.,4
L48_317,Climate Change: Arctic Communities,Impacts of climate change on the sustainability and viability of populations in Canadian Arctic regions.,4
L48_318,Climate Change: Protected Area Management,Planning and managing protected areas using climate-smart methods to increase ecological resilience.,4
L48_319,Climate Change: Urbanization & Industry,Oil and gas industries drive urban growth and influence regional environmental and climate dynamics.,4
L48_320,Climate Change: Soil Moisture Management,Using natural and technical approaches to monitor and improve soil water retention and crop productivity.,4
L48_321,Climate Change: Social-Ecological Innovation,Integrating social behavior and ecological solutions to enhance urban sustainability and decouple growth from emissions.,4
L48_322,Climate Change: Mitigation Choices,Impact of current emissions and policy decisions on future Antarctic ice stability.,4
L48_323,Climate Change: Geoengineering & Regeneration,Cities acting as geoengineering systems for decarbonization via regenerative development and geoengineering concepts.,4
L48_324,Climate Change: Technology & Inequality,Impact of ICTs on social inequalities and misinformation affecting climate adaptation and resilience.,4
L48_325,Climate Change: Development Diversity,"Recognition of diverse, non-linear development paths shaped by cultural and historical differences.",4
L48_326,Climate Change: Land and Ocean Hazards,"Analysis of climate-related land degradation, land-use suitability, and coastal/ocean hazards in North America.",4
L48_327,Climate Change: Regional Environmental Initiatives,Efforts by South Asian countries to improve environmental conditions and address climate challenges.,3
L48_328,Climate Change: Scientific Expertise,Identifying Jean Jouzel's role and contributions as a climate scientist or climatologist.,3
L48_329,Climate Change: Aquaculture & Food Security,Role of aquaculture and antibiotic use in antimicrobial resistance affecting food systems.,3
L48_330,Climate Change: Futures Intelligence,Using futures intelligence science and methodology to anticipate and navigate energy and climate futures.,3
L48_331,Climate Change: Environmental Fluid Dynamics,"Use of theoretical, experimental, and numerical methods to model airflow and thermal effects in urban settings.",3
L48_332,Climate Change: Atmospheric Rivers,Increased frequency and impact of atmospheric rivers affecting rainfall patterns in southern Africa.,3
L48_333,Climate Change: Thermal Tolerance,Limits and potential of ectotherms' acclimation to heat stress under increasing global temperatures.,3
L48_334,Climate Change: Economic Phenomena,"Market failures, path dependency, and investment irreversibility affecting clean technology deployment dynamics.",3
L48_335,Climate Change: Disaster Forensics,Forensic evaluation of disaster causes and infrastructure failures in extreme climate events.,3
L48_336,Climate Change: Nutritional Ecology,Alterations in omega-3 fatty acid content across food webs due to changing algal communities and water clarity.,3
L48_337,Climate Change: Space Exploration,Exploring subsurface environments on Mars and Moon to support human missions and search for life.,3
L48_338,Climate Change: Species Hybridization,"Hybridization risks causing genetic mixing between related species, threatening survival and biodiversity under climate change.",3
L48_339,Climate Change: Nepal,"Climate and environmental concerns unique to Nepal, such as glacial melt, biodiversity loss, and water scarcity.",3
L48_340,Climate Change: Information Credibility,Importance of critically evaluating sources and arguments in climate-related energy discussions.,3
L48_341,Climate Change: Corporate Influence,Impact of powerful oil executives using wealth to resist climate policies threatening global survival.,3
L48_342,Climate Change: Multi-sectoral Approaches,Integrated and rights-based methods combining sectors to enhance adaptation effectiveness for food security.,3
L48_343,Climate Change: Maritime Security,"Climate impacts worsen food insecurity and poverty, increasing maritime crimes like piracy and illegal fishing.",3
L48_344,Climate Change: Biomass Markets,"Market-driven demand for forest biomass influencing conservation, expansion, and carbon sequestration potential.",3
L48_345,Climate Change: Tectonics & Environmental Impact,Studying tectonic activity's influence on lake morphology and sediment records in an active plate junction region.,3
L48_346,Climate Change: Amphibian Ecology,Impact of rising temperatures and dehydration on amphibian survival and habitat suitability.,3
L48_347,Climate Change: Cryopreservation & Adaptation,"Applying ice formation knowledge to improve food storage, organ preservation, and species survival under climate change.",3
L48_348,Climate Change: Social Media Engagement,Using humor and personas on social platforms to raise awareness about environmental and social issues.,3
L48_349,Climate Change: Urban Carbon Cycle,Study of carbon flows and storage in urban natural and managed pools affecting emissions and uptake.,3
L48_350,Climate Change: Migration & Health,"Examines health impacts on migrants displaced by climate factors, including physical and mental health outcomes.",3
L48_351,Climate Change: Biosphere Organization,Studying planetary-scale biochemical networks reveals universal principles governing life’s organization on Earth.,3
L48_352,Climate Change: Human Resilience,Psychological and social recovery processes after traumatic climate-related events.,3
L48_353,Climate Change: National Targets,Iceland's specific goals and commitments to reduce emissions and adapt to climate change impacts.,3
L48_354,Climate Change: Megatrends Impact,"Effects of circular economy, shared economy, and digitalization on transport-related emissions and demand.",3
L48_355,Climate Change: Regional Energy Trade,Limited cross-region electricity and clean fuel trade affecting energy security and climate adaptation.,3
L48_356,Climate Change: Sustainable Urban Living,Choosing cities in the Middle East that support environmentally responsible lifestyles and sustainability.,3
L48_357,Climate Change: Best Practices,Analyzing successful local and international initiatives to inspire effective climate action strategies.,3
L48_358,Climate Change: Economic & Career Uncertainty,Concerns about investing in education and career amid unpredictable climate-driven societal changes.,3
L48_359,Climate Change: Oceanographic Phenomena,"Rossby Waves influence seasonal sea level fluctuations, affecting coastal flood patterns and risk forecasting.",3
L48_360,Climate Change: Policy & Sustainable Development,Policy approaches linking AFOLU mitigation with Sustainable Development Goals and knowledge gaps.,3
L48_361,Climate Change: Arctic Governance,"China's approach to Arctic policy emphasizing international law, cooperation, and sustainable regional governance.",2
L48_362,Climate Change: Biome Distribution,Geographical distribution and environmental differences between Arctic and Alpine tundra ecosystems.,2
L48_363,Climate Change: Financial Modeling,Designing flexible models to calculate ESG scores integrating weighted metrics for sustainable investment analysis.,2
L48_364,Climate Change: Ecosystem Engineering,"Beaver dams act as natural ecosystem engineers, modulating environmental conditions beyond direct climate effects.",2
L48_365,Climate Change: Glacial Isostatic Adjustment,Land uplift occurring as ice sheets melt and reduce pressure on Earth's crust.,2
L48_366,Climate Change: Coastal Meteorology,Study of sea breeze dynamics affecting coastal weather and precipitation patterns.,2
L48_367,Climate Change: Social Infrastructure,Challenges in adapting community services and networks to address interconnected climate risks and inequalities.,2
L48_368,Climate Change: Arctic Adaptation,Strategies and lessons from adapting to climate impacts in the Arctic region.,2
L48_369,Climate Change: Infrastructure Expansion,Growth of paved roads contributes to habitat fragmentation and increased carbon emissions.,2
L48_370,Climate Change: Transportation Equity,"Barriers to vehicle adoption affect disadvantaged groups, influencing equitable access to clean transport.",2
L48_371,Climate Change: Green Public Procurement,Adoption of sustainable purchasing practices by public sector to support environmental goals and circular economy.,2
L48_372,Climate Change: Intellectual Property Rights,Role of IPRs in enabling or restricting access to climate technologies across international channels.,2
L48_373,Climate Change: Environmental Response,"Natural and technological responses to deep-sea oil spills, including dispersant use and ecological effects.",2
L48_374,Climate Change: Technological Mitigation,Innovative oxygenation techniques like downwelling to alleviate aquatic hypoxia and improve water quality.,2
L48_375,Climate Change: Earthquake Engineering,Research on elastodynamic cloaking to protect buildings and infrastructure from seismic wave impacts.,2
L48_376,Climate Change: Hydrothermal Systems,"Study of geyser activity and its relation to underground heat, water, and volcanic hazards.",2
L48_377,Climate Change: Environmental Planning,Understanding river evolution aids long-term land use planning and risk assessment for toxic waste storage.,2
L48_378,Climate Change: Space Agriculture,Developing sustainable food production technologies for long-term human habitation in space environments.,2
L48_379,Climate Change: Plant-Insect Interactions,"Study of insect saliva manipulating plant defenses, affecting plant resilience to stressors including climate change.",2
L48_380,Climate Change: Regulatory Science,Advocating metabolomics for regulatory evaluation of genetically engineered crops' safety and effectiveness.,2
L48_381,Climate Change: Geosystem Dynamics,How depletion of fish stocks affects interconnected earth system components and processes.,2
L48_382,Climate Change: Atmospheric CO2 Exposure,How humans come into contact with carbon dioxide present in the environment.,2
L48_383,Climate Change: Regional Energy Planning,Support for Central European local authorities to develop and implement effective low-carbon energy strategies.,2
L48_384,Climate Change: ESG Products & Services,Development and expansion of ESG-related offerings driven by customer demand and market shifts.,2
L48_385,Climate Change: Marine and Terrestrial Systems,Effects on oceanic and land-based ecosystems influencing integrated food production in Iceland.,2
L48_386,Climate Change: Emission Response Symmetry,Studies the climate-carbon cycle's differing responses to increases versus decreases in CO2 emissions.,2
L48_387,Climate Change: Global Stocktake,"Periodic assessment of progress towards Paris Agreement goals on mitigation, adaptation, and support.",2
L48_388,Climate Change: Interdisciplinary Coordination,"Harmonizing regional frameworks across WGII, WGI, and WGIII climate change reports.",2
L48_389,Climate Change: Comparative Analysis,Cross-country and multi-year comparisons to understand patterns and drivers of adaptation efforts.,2
L48_390,Climate Change: Globalization & Mobility,"Global trade, travel, and migration accelerate disease spread, exacerbated by fossil fuel-powered transportation.",2
L48_391,Climate Change: Integrated Resilience,Approaches combining pandemic resilience and climate adaptation in water systems.,2
L48_392,Climate Change: Integrated Landscape Management,Multi-stakeholder approaches supporting regional diversification via investment in supply chains and agritourism.,2
L48_393,Climate Change: Urban Morphology,Study of city physical form and its influence on environmental processes like temperature and flood risk.,2
L48_394,Climate Change: Regional Adaptation Capacity,Variations in adaptive capacity and vulnerability across European regions in fisheries and aquaculture.,2
L48_395,Climate Change: Seasonal Mortality Patterns,"Analyzes mortality variations linked to winter season beyond direct cold exposure, including infections and social factors.",2
L48_396,Climate Change: Biodiversity & Ethics,Tourism impacts on polar bears and ethical concerns around Last Chance Tourism in fragile Arctic ecosystems.,2
L48_397,Climate Change: Global Commons,Climate change is a collective action problem with mitigation benefits shared globally.,2
L48_398,Climate Change: Urban Energy Challenges,Cost-effective renewable energy solutions for non-residential and urban buildings amid climate change.,2
L48_399,Climate Change: Trade & Industrial Policy,Impact of trade and sub-national policies on clean technology clusters and competitiveness.,2
L48_400,Climate Change: ESG & Social Impacts,"Environmental, social, and governance concerns in clean energy supply chains and indigenous rights.",2
L48_401,Climate Change: Information Management,Control and censorship of climate-related information on official platforms impacting public awareness.,2
L48_402,Climate Change: Fire Safety & Infrastructure,Impacts of electric vehicle fires on ventilation and underground parking safety protocols.,2
L48_403,Climate Change: Polar-Tropical Interactions,How polar climate variations influence tropical trade winds through atmospheric and oceanic pathways.,2
L48_404,Climate Change: Computational Materials Science,Using simulations to optimize membrane surface chemistry for improved fouling resistance and solute separation.,2
L48_405,Climate Change: Urban Impact Mitigation,Strategies to reduce urban effects on migratory birds during peak migration periods,2
L48_406,Climate Change: Regional Resource Variability,Impact of geographic differences in renewable resources on electrification and fuel substitution strategies.,2
L48_407,Climate Change: Science Communication Risks,Threats and hostility faced by climate scientists impacting career and research environment.,2
L48_408,Climate Change: Medical & Fashion Innovation,Photosynthetic skins for healing and sustainable bio-garments reducing environmental impact.,2
L48_409,Climate Change: Upper Atmosphere Science,Research on mesospheric waves and temperature inversions affecting auroral emissions and atmospheric processes.,2
L48_410,Climate Change: Ecology & Cooperation,"Explores reciprocal cooperation mechanisms among animals, relevant to ecosystem resilience and species interactions.",2
L48_411,Climate Change: Energy Sector Strategy,Use of scenario analysis to guide corporate strategies in response to climate change challenges.,2
L48_412,Climate Change: Fluid Dynamics,Using fluid physics and infrasound to understand tornado mechanics and improve detection methods.,2
L48_413,Climate Change: Industry Implementation,Deployment of retrofit kits by a French company for regional public transport fleet decarbonization.,2
L48_414,Climate Change: Environmental Gradients,Small-scale spatial environmental changes shaping diverse habitats and ecosystem functions in coastal zones.,2
L48_415,Climate Change: Emission Baselines,Comparing baseline emissions across reports reveals shifts in sectoral and fuel emission projections.,2
L48_416,Climate Change: Post-Colonial Challenges,Environmental and climate issues faced by former colonies due to historical exploitation.,1
L48_417,Climate Change: Maritime Policy,"China’s strategic use of Arctic routes, resource development, and environmental protection under maritime law.",1
L48_418,Climate Change: Ecological Civilization,China's efforts to build ecological civilization promoting sustainable development and environmental protection.,1
L48_419,Climate Change: Environmental Movement,Critiques the co-optation of environmentalism by corporate interests and greenwashing.,1
L48_420,Climate Change: Interdisciplinary Comparison,"Comparing energy and environment with mechanical, automation, electrical, and instrumentation fields to assess trends.",1
L48_421,Climate Change: African Perspectives,"Exploring climate change impacts and responses specific to African social, economic, and environmental contexts.",1
L48_422,Climate Change: Digital Marketing,Using digital platforms and SEO to enhance visibility of environmentally friendly businesses.,1
L48_423,Climate Change: Migration & Policy,How climate-related expertise influences immigration policies and country preferences for skilled migrants.,1
L48_424,Climate Change: Water Quality Standards,Requirements for dissolved oxygen in water bodies after wastewater mixing to protect water use categories.,1
L48_425,Climate Change: Regional Energy Development,Examining global regions where hydropower is highly developed and its impact on local energy systems.,1
L48_426,Climate Change: Environmental Compensation,Methods to offset ecological damage caused by coastal construction activities.,1
L48_427,Climate Change: Extreme Weather Mitigation,Techniques aiming to reduce hurricane intensity by altering atmospheric conditions through carbon removal.,1
L48_428,Climate Change: Futuristic Fiction,"Narratives exploring climate change impacts within speculative, cyberpunk future settings.",1
L48_429,Climate Change: Mediterranean Ecosystems,Comparative analysis of Mediterranean climate regions and their unique ecosystems worldwide.,1
L48_430,Climate Change: Leadership Challenges,Issues faced by aging leaders in maintaining engagement during critical climate discussions.,1
L48_431,Climate Change: Governance & Nature-Based Solutions,Collaborative rural-urban governance promoting sustainable water landscapes through nature-based approaches.,1
L48_432,Climate Change: Renewable Energy Employment,Job distribution and workforce size in the solar energy sector across different U.S. states.,1
L48_433,Climate Change: National Impacts,Effects and challenges of climate change specifically within France.,1
L48_434,Climate Change: Regional Ecology,Influence of climate shifts on South Island's natural ecosystems affecting tourism appeal.,1
L48_435,Climate Change: Microclimate Adaptation,Designing gardens to create microclimates for diverse plant water needs under climate variability.,1
L48_436,Climate Change: Agriculture & Medicinal Plants,Effects of environmental changes on cultivation and productivity of traditional medicinal plants.,1
L48_437,Climate Change: Consumer Products,Impact of personal care products on greenhouse gas emissions during consumer use.,1
L48_438,Climate Change: Substitution Effects,Studying how replacing high-carbon products with alternatives impacts overall emissions.,1
L48_439,Climate Change: Southern Hemisphere Climate,Focus on climate variability and trends influenced by Southern Annular Mode and Antarctic Oscillation.,1
L48_440,Climate Change: Growing Season Changes,Lengthening of thermal growing seasons across extratropical regions linked to rising temperatures.,1
L48_441,Climate Change: Ecological Community Dynamics,"Local communities show increased abundance of heat-tolerant species, indicating thermophilisation.",1
L48_442,Climate Change: Trophic Cascades,"Altered predator and herbivore interactions cascade through food webs, impacting ecosystem functions and carbon storage.",1
L48_443,Climate Change: Adaptation Pathways,Influence of adaptation strategies on future vulnerability of coastal wetlands to climate change effects.,1
L48_444,Climate Change: Biofouling and Ocean Impacts,Increasing biofouling due to warming and acidification threatens marine infrastructure and renewable energy systems.,1
L48_445,Climate Change: Thermal Effects,Heatwaves causing road and railway damage through thermal expansion and material degradation.,1
L48_446,Climate Change: Health Access,Extreme weather impacts access to prenatal and pediatric healthcare services under climate change.,1
L48_447,Climate Change: Synergies in Adaptation and,Combined strategies in agriculture and forestry showing positive outcomes but often remain disconnected.,1
L48_448,Climate Change: Faith & Environment,Influence of religion and eco-theology in shaping climate change communication and environmental stewardship.,1
L48_449,Climate Change: Poverty Trends,"Global poverty changes affecting vulnerability, including recent extreme poverty increases linked to COVID-19.",1
L48_450,Climate Change: Impact Sensitivity,Studying how different development pathways influence sensitivity to climate change impacts.,1
L48_451,Climate Change: Urban and Indigenous Contexts,"Research highlights climate movements' growth in urban, rural, and Indigenous settings worldwide.",1
L48_452,Climate Change: Emissions Causality,Visual representation of causal factors driving greenhouse gas emissions in the report.,1
L48_453,Climate Change: Economic Geography,Changing economic hubs influence regional emissions patterns and climate impact through trade dynamics.,1
L48_454,Climate Change: Economic Growth Impact,Global GDP growth and e-commerce expansion significantly increase freight transport activity and related emissions.,1
L48_455,Climate Change: Work and Emissions,Longer working hours boost economic growth and emissions; reducing work time can lower carbon footprints.,1
L48_456,Climate Change: Social Trust & Behavior,Public trust affects participation in sharing economies and community-based climate solutions.,1
L48_457,Climate Change: Energy Sector Progress,"Evaluating societal, institutional, and political factors influencing emissions reduction in the energy sector.",1
L48_458,Climate Change: Urban Economy,Inclusion of informal sectors and energy sales from waste to support urban local economies under climate change.,1
L48_459,Climate Change: Engine Technology,Discusses technical challenges and innovations in ammonia dual-fuel engine combustion and emission control.,1
L48_460,Climate Change: Urban Logistics,Strategies like receiver-led consolidation to optimize freight delivery and lower carbon footprint in cities.,1
L48_461,Climate Change: Socio-Ecological Risks,"Dam construction risks including migration, deforestation, and catastrophic flooding impacts on communities.",1
L48_462,Climate Change: Legislative Diffusion,"Countries adopting climate laws inspired by examples from other nations, like the UK Climate Change Act.",1
L48_463,Climate Change: Labor Unions,"Labor unions' roles and influence in shaping climate policies, balancing job security and climate action.",1
L48_464,Climate Change: South-South Cooperation,Collaborative development and technology exchange among Southern countries supporting sustainable growth.,1
L48_465,Climate Change: Regional Planning,National climate plans in Latin America and Caribbean targeting sector-specific climate actions.,1
L48_466,Climate Change: Interdisciplinary Roles,Exploring diverse fields like journalism and sociology contributing to climate awareness and social dimensions of climate action.,1
L48_467,Climate Change: Northeast US Effects,"Inquiry into climate change challenges specific to northeastern states like Maine, New Hampshire, and Vermont.",1
L48_468,Climate Change: Agriculture & Livability,Future implications for farming and living conditions under changing climate in Scotland.,1
L48_469,Climate Change: Indoor Air Chemistry,"Study of chemical reactions indoors, including ozone's role in transforming cannabis smoke residues on surfaces.",1
L48_470,Climate Change: Energy Mix Impact,The environmental benefits of electric vehicles depend on electricity generation mix cleanliness.,1
L48_471,Climate Change: Pollutant-Specific Impacts,Ozone harms cardiac health through mechanisms not mitigated by antioxidant-rich diets.,1
L48_472,Climate Change: Stratosphere-Ocean Interaction,The combined effects of stratospheric ozone changes and Pacific Ocean temperatures on global weather patterns.,1
L48_473,Climate Change: Dryland Water Resources,Study of soil moisture feedbacks that challenge water decline assumptions in dryland regions.,1
L48_474,Climate Change: Urban Meteorology,Study of how urban landscapes and heat influence storm development and weather patterns.,1
L48_475,Climate Change: Illegal Resource Trade,Tracing illicit sand sources to combat unregulated extraction and reduce associated environmental and social harms.,1
L48_476,Climate Change: Wastewater Contamination,Chemical contamination risks from extinguishing water after electric car battery fires requiring treatment.,1
L48_477,Climate Change: Microplastic Ecology,Study of microbial colonization on microplastics forming new ecosystems called plastispheres.,1
L48_478,Climate Change: Urban Networks,Interconnected urban trade and production networks amplify local disaster impacts globally.,1
L48_479,Climate Change: Landowner Engagement,Influence of private landowners' attitudes and behaviors on conservation success amid climate risks.,1
L48_480,Climate Change: Geophysical Education,"Teaching Earth's interior, tectonics, and hazards by analyzing scientific inaccuracies in films.",1
L48_481,Climate Change: Disaster Impact on Energy,Effects of the 2011 Great East Japan earthquake on electricity conservation and behavior changes.,1
L48_482,Climate Change: Disaster Perception,Study of how human activity influences perception accuracy of earthquake shaking intensity.,1
L48_483,Climate Change: Interagency Coordination,Need for unified research efforts across agencies to address airborne biological threats and pandemics.,1
L48_484,Climate Change: Climate Analogues,Employing Earth's diverse climates as analogues to interpret ancient Martian environmental changes.,1
L48_485,Climate Change: Tree Physiology & Lifespan,Studies growth-lifespan trade-offs in trees and their implications for forest health and carbon sequestration.,1
L48_486,Climate Change: Energy Potential,Exploration of submarine volcanic energy as a possible large-scale natural energy source.,1
L48_487,Climate Change: Ice Age Mechanisms,Zealandia Switch theory explaining glacial-interglacial cycles via Southern Hemisphere climate controls.,1
L48_488,Climate Change: Endocrine Disruptors,"Chemicals interfering with hormonal systems, affecting development and increasing disease risks.",1
L48_489,Climate Change: Animal Transport,Innovative methods for safely relocating large wildlife to maintain genetic diversity and reduce poaching risks.,1
L48_490,Climate Change: Space Environment Risks,Investigating fire behavior in microgravity to enhance astronaut safety and understand combustion without gravity.,1
L48_491,Climate Change: Hydrocarbon Recovery,Innovative pressure management strategies to enhance methane recovery from shale nanopores and unconventional reservoirs.,1
L48_492,Climate Change: Wildlife-Livestock Interactions,"Studying how wildlife and livestock coexist and compete in overlapping habitats, affecting ecosystem dynamics.",1
L48_493,Climate Change: Geographic Vulnerability,Influence of altitude and regional factors on stunting prevalence and tailored policy interventions.,1
L48_494,Climate Change: Energy Return on Investment,Assessment of lifecycle energy inputs versus outputs for renewable technologies like wind and solar.,1
L48_495,Climate Change: Urban Archaeology,Non-invasive mapping of ancient cities informing historical urban development and environmental adaptation.,1
L48_496,Climate Change: NGO Capacity & Resources,Regional disparities in human and financial resources shape NGO effectiveness in climate and environmental issues.,1
L48_497,Climate Change: Water History,Crater lake sediments reveal historical water presence and chemical evolution relevant to climate and life on Mars.,1
L48_498,Climate Change: Insect Physiology,How insect body size affects thermoregulation and flight performance in varying temperature conditions.,1
L48_499,Climate Change: Sectoral Energy Impacts,"Analyzing how residential, commercial, and industrial sectors respond differently to climate variability in energy use.",1
L48_500,Climate Change: Comparative Meteorology,Comparing Martian and Earth weather systems to gain insights into atmospheric processes and variability.,1
L48_501,Climate Change: Urban Health Infrastructure,Adapting ambulance services to weather variability to maintain timely healthcare in urban areas.,1
L48_502,Climate Change: Natural Amenities,Role of clean environment and natural features in attracting human capital and boosting growth.,1
L48_503,Climate Change: Bioenergy & Carbon Sequestration,Using cactus pear as a low-water biofuel crop and carbon sink in arid and semi-arid regions.,1
L48_504,Climate Change: Interdisciplinary Biology,Parallels between plant and animal hormone signaling suggest novel research avenues linking climate impacts on biology.,1
L48_505,Climate Change: Crop Toxicity & Yield,"Higher temperatures stress rice plants, increasing toxic arsenic levels and reducing crop yields and farmer income.",1
L48_506,Climate Change: Sustainable Fertilization,Use of nitrogen-fixing bacteria in seed coatings reduces reliance on energy-intensive synthetic fertilizers.,1
L48_507,Climate Change: Global Health Inequality,Limited surveillance and regulation in developing countries exacerbate antimicrobial resistance challenges amid rising meat consumption.,1
L48_508,Climate Change: Ancient Trade Networks,Study of historical animal trade reveals human adaptation and resource movement in past climates.,1
L48_509,Climate Change: Wildlife-Aircraft Interactions,"Increasing mammal-aircraft collisions impact aviation safety, economics, and local wildlife conservation efforts.",1
L48_510,Climate Change: Fire Detection Technology,Use of trained dogs to detect trace fire accelerants aids in arson investigations and fire source identification.,1
L48_511,Climate Change: Habitat Loss & Human,Human destruction of bat habitats increases contact and potential virus spillover to humans.,1
L48_512,Climate Change: Environmental Radioisotopes,Use of Cold War nuclear bomb carbon-14 fallout to date marine animal growth rings accurately.,1
L48_513,Climate Change: Agriculture & Nutrition,"Role of green vegetables in gut microbiome metabolism, linking diet, microbial processes, and health outcomes.",1
L48_514,Climate Change: Biochemical Pathways,Research on MEP pathway's role in plant growth and defense for developing targeted herbicides.,1
L48_515,Climate Change: Forest Pest Management,Research on bark beetle olfactory receptors aiding eco-friendly pest control to protect forests.,1
L48_516,Climate Change: Biosignature Detection,Challenges in distinguishing true biological fossils from abiotic structures affect life detection methods.,1
L48_517,Climate Change: Biomedical Modeling,Mathematical models of cell motility help predict biological responses potentially affected by environmental changes.,1
L48_518,Climate Change: Data Privacy & Research,"Innovative methods enable genetic research while preserving privacy, crucial for climate-related health studies.",1
L48_519,Climate Change: Health & Doping Detection,Developing detection methods for gene doping to maintain fairness and integrity in sports.,1
L48_520,Climate Change: Quantum Biology,Investigation of quantum mechanical processes affecting biological chemical reactions under magnetic fields.,1
L48_521,Climate Change: Biomineralization,Understanding how organisms form mineralized tissues informs impacts of environmental changes on shell formation.,1
L48_522,Climate Change: Extinct Species,Study of extinct species' adaptations related to past ecosystems and climate conditions.,1
L48_523,Climate Change: Habitat & Resource Use,Elephants' strategies in different resource seasons show adaptation to environmental pressures.,1
L48_524,Climate Change: Wildlife Rehabilitation,"Strategies for rescuing, rehabilitating, and releasing animals to strengthen wild populations.",1
L48_525,Climate Change: Biodeterioration,"Fungi causing stone decay on cultural monuments, influenced by environmental stressors linked to climate.",1
L48_526,Climate Change: Ecological Niches,Exploration of how males and females occupying different niches can limit new species evolution.,1
L48_527,Climate Change: Biological Physics,Application of physics theories to understand microbial collective movement and interactions.,1
L48_528,Climate Change: Social Evolution,Evolutionary trade-offs in social structures balancing information sharing and infection risks.,1
L48_529,Climate Change: Tropical Disease Ecology,Study of parasitic diseases like schistosomiasis affecting vulnerable populations in tropical regions under climate stress.,1
L48_530,Climate Change: Medicinal Chemistry,Design of peptide and chemical hybrids to improve drug stability and efficacy related to climate change.,1
L48_531,Climate Change: Quantum Technologies,3-D superconducting nanostructures enable improved quantum computing and ultrasensitive environmental sensing.,1
L48_532,Climate Change: Biotechnology & Disease,Focuses on HIV RNA production and inflammation with biotechnological approaches to disease management.,1
L48_533,Climate Change: Anthropogenic Lifestyle Effects,"Studies Westernization's impact on microbiome diversity due to diet, hygiene, and antibiotic use.",1
L48_534,Climate Change: Technology & Measurement,Using advanced spectral analysis for rapid assessment of genetically engineered photosynthetic traits.,1
L48_535,Climate Change: Sustainable Pharmaceutical Production,"Cost-effective, high-yield protein production in chickens may lower environmental impacts of traditional drug manufacturing.",1
L48_536,Climate Change: Biosecurity & Ethics,Concerns about dual-use technologies potentially enabling biological warfare under climate adaptation efforts.,1
L48_537,Climate Change: Organic Farming Impacts,Potential contamination risks from genetically modified insects affecting organic certification and consumer trust.,1
L48_538,Climate Change: Trade & Regulation,European regulations on GMO pollen affecting international honey trade and rural economies.,1
L48_539,Climate Change: Material Science Innovation,Using polymer-virus interaction studies to enhance protective equipment against viral pathogens under environmental stress.,1
L48_540,Climate Change: Biological Defense Mechanisms,Exploration of cellular peroxide defense systems that may impact organismal health and longevity under environmental stress.,1
