L22_1,Climate Change: Energy Systems,"Interactions of energy production, demand, limits, and security in climate mitigation and adaptation",9577
L22_2,Climate Change: Biological Responses,Organismal and ecosystem physiological and behavioral responses or adaptations to climate-driven change.,8125
L22_3,Climate Change: Agriculture,"How farming, land use, and food production interact with climate impacts, emissions, and adaptation.",6181
L22_4,Climate Change: Public Health,"Policies, vulnerabilities, and systems protecting community health from climate-driven risks.",5874
L22_5,Climate Change: Fossil Fuels,"Assessment of coal, oil, and natural gas and their environmental, climate, and policy impacts.",5262
L22_6,Climate Change: Mitigation Strategies,"Actions, policies, and technologies to reduce greenhouse gases or remove carbon and limit warming.",4985
L22_7,Climate Change: Governance,"Institutions, rules, and processes guiding mitigation, adaptation, accountability, and decisions",4691
L22_8,Climate Change: Climate Modeling,"Developing and evaluating models, forecasts, and data systems to project climate processes, impacts, and risks.",4687
L22_9,Irrelevant Data,None,4662
L22_10,Climate Change: Atmospheric Science,"Study of atmospheric composition, processes, and circulation relevant to climate and weather.",4341
L22_11,Climate Change: Extreme Weather,"Study of extreme weather events, their causes, trends, and impacts under climate change",3596
L22_12,Climate Change: Geophysical Events,Study of geological and geophysical processes affecting Earth systems and their detection,3337
L22_13,Climate Change: Adaptation,Strategies and actions to adjust to actual or expected climate change effects.,2671
L22_14,Climate Change: Conflict & Security,"How climate-driven resource stress and shocks amplify social tensions, unrest, and security risks.",2459
L22_15,Climate Change: Innovation,"Development, diffusion, and policy dynamics of low‑carbon technologies and climate innovations.",1957
L22_16,Climate Change: Economic Structures,"How economic organization, sectors, and policies shape vulnerability, mitigation, and adaptation.",1525
L22_17,Climate Change: Community Engagement,"Local awareness, participation, and stakeholder actions driving climate understanding and response.",1414
L22_18,Climate Change: Climate Variability,Natural internal and long-term fluctuations in climate affecting regions and their historical context.,1319
L22_19,Climate Change: Urban Planning,Designing and adapting cities' land use and infrastructure to reduce climate risks and emissions.,1315
L22_20,Climate Change: Paleoclimate,"Study of Earth's past climate variability, evidence, and dynamics across geological timescales.",1086
L22_21,Climate Change: Regional Policy,Policies coordinating climate action across neighboring jurisdictions and regions.,1084
L22_22,Climate Change: Economic Assessment,"Evaluation of costs, benefits, and cost‑effectiveness of mitigation, impacts, and related policies.",1045
L22_23,Climate Change: Carbon Markets,Systems trading emissions reductions and removals to finance and incentivize mitigation.,986
L22_24,Climate Change: Molecular Biology,"Molecular assembly, function, and techniques relevant to climate‑linked biological processes.",962
L22_25,Climate Change: Radiative Forcing,"Changes in Earth's energy balance caused by agents like gases, aerosols, solar, volcanic, orbital.",927
L22_26,Climate Change: Attribution Science,Methods to detect and link observed climate changes or events to human versus natural causes.,876
L22_27,Climate Change: Human Migration,"Movement of people driven by climate impacts, vulnerability, adaptation, and livelihood pressures.",832
L22_28,Climate Change: Transportation,"Strategies, systems, and technologies to reduce transport-related greenhouse gas emissions.",814
L22_29,Climate Change: Scientific Research Value,Investing in targeted research to reduce uncertainty and guide mitigation and adaptation decisions.,793
L22_30,Climate Change: Stratospheric Temperature,Changes in stratospheric temperatures and related effects on ozone and climate processes.,758
L22_31,Climate Change: Inventory Methodologies,Methods and frameworks for compiling national and sectoral greenhouse gas inventories.,703
L22_32,Climate Change: Polar Climate Dynamics,"Study of climate processes, variability, and temperature patterns in Arctic and Antarctic regions.",662
L22_33,Climate Change: Disaster Impact Assessment,Evaluating physical and long-term environmental consequences of climate-related disasters,662
L22_34,Climate Change: Animal Health,"Effects of climate change on animal wellbeing, disease risk, and survival",615
L22_35,Climate Change: Coastal Resilience,"Strategies to strengthen coastlines, infrastructure, and communities against sea-level rise and storms.",566
L22_36,Climate Change: Geoengineering,Deliberate interventions to modify Earth systems and climate to reduce warming or impacts.,539
L22_37,Climate Change: Resource Management,"Managing water, land, energy, and ecosystems for resilient sustainable resource use under climate change.",526
L22_38,Climate Change: Crop Resilience,"Developing crops and practices that tolerate drought, pests, and resource stresses to sustain productivity.",426
L22_39,Climate Change: Water-Energy-Food Nexus,"Interconnections among water, energy, and food systems shaping resource security and climate resilience.",403
L22_40,Climate Change: Data Analysis,Techniques for processing and visually representing climate datasets to detect trends and inform decisions.,350
L22_41,Climate Change: Gender Equality,"How climate impacts and responses intersect with gender roles, vulnerabilities, and empowerment.",334
L22_42,Climate Change: Wildfire Risk,"How climate change alters wildfire frequency, intensity, distribution, and associated risks.",300
L22_43,Climate Change: Bioenergy,"Producing and using biomass-based fuels, supply chains, and technologies for emissions mitigation",280
L22_44,Climate Change: Materials Science,Study and development of materials that reduce emissions and endure climate-driven environmental stresses.,279
L22_45,Climate Change: Temperature Forcing,How different forcings and timing drive temperature changes and climate responses,273
L22_46,Climate Change: Uncertainty Quantification,"Measuring and attributing uncertainties in climate observations, models, and projections.",261
L22_47,Climate Change: Tourism Impacts,"How climate change alters tourism patterns, infrastructure, economies, and destination attractiveness.",218
L22_48,Climate Change: Ozone Depletion,"Science, monitoring, impacts, and recovery of the stratospheric ozone layer and climate interactions",215
L22_49,Climate Change: Permafrost Thaw,Thawing frozen ground releasing greenhouse gases and disrupting ecosystems and infrastructure.,208
L22_50,Climate Change: Soil Science,"Study of soil properties, processes, and management affecting carbon, hydrology, and ecosystems",196
L22_51,Climate Change: Cloud Processes,"How cloud properties and formation affect radiation, precipitation, and climate feedbacks.",177
L22_52,Climate Change: Feasibility Assessment,"Analysis of technical, social, political, economic, and institutional feasibility of adaptation measures.",170
L22_53,Climate Change: Scenario Frameworks,"Use of RCPs/SSPs and frameworks to explore emissions, socioeconomic pathways, and futures.",165
L22_54,Climate Change: Invasive Species,"How climate change facilitates spread, dominance, and impacts of nonnative species on ecosystems.",163
L22_55,Climate Change: Regional Sustainability,Long-term strategies to sustain essential resources in regions facing climate impacts.,160
L22_56,Climate Change: Environmental Toxicology,"Study of pollutant movement, effects, and health risks in ecosystems under climate change",154
L22_57,Climate Change: Urban Ecology,"Integrating urban nature and biodiversity to improve health, services, and city climate resilience.",147
L22_58,Climate Change: Greenhouse Effect,How greenhouse gases trap heat and drive atmospheric warming and related impacts.,138
L22_59,Climate Change: Air Pollution Control,Measures and technologies to monitor and reduce air pollutants and greenhouse gas emissions.,130
L22_60,Climate Change: Tipping Points,"Critical thresholds causing abrupt, often irreversible changes in climate, ecosystems, oceans, or Earth systems.",124
L22_61,Climate Change: Agricultural Commodities,"How commodity production, trade, and input markets drive land-use change and climate impacts",120
L22_62,Climate Change: Co-benefits,"Positive social, economic, or environmental outcomes achieved alongside climate actions.",119
L22_63,Climate Change: Urban Water Risks,Future water-related risks facing cities driven by climate change impacts.,116
L22_64,Climate Change: Food Processing,"Climate-driven impacts and innovations affecting food processing, materials, and waste reduction.",115
L22_65,Climate Change: Net Zero Targets,Concepts and approaches for balancing emitted and removed greenhouse gases to reach net zero.,113
L22_66,Climate Change: Decision-Making Processes,"How stakeholders structure and make adaptation and mitigation choices across actors, scales, and uncertainties.",110
L22_67,Climate Change: Neurobiology,"Neural mechanisms linking environmental stressors to physiology, behavior, and brain health",103
L22_68,Climate Change: Carbon Neutrality,Strategies to balance greenhouse gas emissions and removals to achieve net‑zero.,88
L22_69,Climate Change: Drug Discovery,Developing medicines and bioactive compounds for climate-exacerbated health threats.,88
L22_70,Climate Change: Economic Growth,"How economic development trajectories influence emissions, mitigation choices, and related policies.",84
L22_71,Climate Change: Public-Private Partnerships,Joint initiatives between governments and private sector to finance and implement climate actions.,76
L22_72,Climate Change: Mountain Climate Dynamics,Climate patterns and elevation-dependent warming affecting mountainous regions,76
L22_73,Climate Change: Population Dynamics,"How population size, distribution, and structure influence emissions, vulnerability, and impacts.",71
L22_74,Climate Change: Microbiome & Health,"How host-associated microbiomes influence health, disease, and resilience under environmental change.",67
L22_75,Climate Change: Induced Seismicity,"Study of earthquakes triggered by human activities like fracking, reservoirs, geothermal, carbon storage.",66
L22_76,Climate Change: ESG Compliance,"Organizational measurement, reporting, and verified compliance with ESG and climate commitments.",55
L22_77,Climate Change: Urban-Rural Interdependence,"How interconnected urban and rural systems influence shared climate risks, resilience, and adaptation.",53
L22_78,Climate Change: Disaster Economics,"Economic impacts, losses, and policy integration for disaster recovery and resilience.",51
L22_79,Climate Change: Tropical Dynamics,"How atmospheric processes and aerosols alter tropical circulation, weather, and precipitation patterns.",50
L22_80,Climate Change: Global Inequality,How climate impacts and policies differentially affect countries and populations worldwide.,46
L22_81,Climate Change: Global Priorities,Key goals and strategies for climate‑resilient development and transformational futures.,45
L22_82,Climate Change: Market Structures,How market dynamics and firm behavior influence low-carbon transitions and technology adoption,44
L22_83,Climate Change: Nutrient Limitations,"How nutrient availability and cycling constrain plant growth, carbon uptake, and ecosystems under climate change.",40
L22_84,Climate Change: Pollination Ecology,"How climate-driven changes affect pollinators, plant reproduction, and pollination services.",35
L22_85,Climate Change: Critical Minerals,Availability and supply of essential minerals needed for clean‑energy transitions.,35
L22_86,Climate Change: Urban Pollution,Harmful urban pollutants and their effects on city environmental and public health.,32
L22_87,Climate Change: Nuclear Technology,"Advances, risks, and management of nuclear energy as a low-carbon option",32
L22_88,Climate Change: Temperature Targets,Reference periods and benchmarks used to measure global temperature increases versus preindustrial levels.,30
L22_89,Climate Change: Protected Areas,Management of protected lands and habitat conservation to preserve ecosystems under climate change.,29
L22_90,Climate Change: Space Biology,Biological responses and planetary‑protection considerations for space environments and missions.,29
L22_91,Climate Change: Thermal Tolerance,Organisms' physiological and evolutionary limits responding to rising temperatures,28
L22_92,Climate Change: Impact Drivers,"Key climatic factors driving impacts across sectors, regions, and warming levels",25
L22_93,Climate Change: Maladaptation,Adaptation actions that unintentionally increase vulnerability or cause harm.,25
L22_94,Climate Change: Ocean Geology,"Seafloor tectonics, volcanism, and basin evolution influencing ocean chemistry and past climate",25
L22_95,Climate Change: Sustainable Tourism,Tourism practices that minimize environmental harm while supporting ecosystems and local economies.,25
L22_96,Climate Change: Planetary Habitability,Conditions determining regions' ability to support human life amid climate impacts,24
L22_97,Climate Change: Land Use Conflicts,Tensions between development and traditional land uses affecting ecosystems and livelihoods.,20
L22_98,Climate Change: Infrastructure & Security,"Threats to energy, water, settlements, and critical infrastructure from extreme and cascading events.",17
L22_99,Climate Change: Wildlife Genetics,"Using genetic studies to understand population history, gene flow, and inform conservation strategies.",16
L22_100,Climate Change: Winter Sports,Impact of warming and altered snow and ice patterns on winter sports venues and seasons.,15
L22_101,Climate Change: Photosynthesis Research,Study of photosynthetic processes and responses relevant to climate impacts and mitigation.,15
L22_102,Climate Change: Strategic Solutions,Methodical approaches to enhance sustainability and resilience in supply chains.,14
L22_103,Climate Change: Resource Demand,Pressure on natural resources from human consumption driven by climate change,14
L22_104,Climate Change: Regional Disparities,"Differences in adaptation, finance access, and policy adoption between regions highlighting inequality.",14
L22_105,Climate Change: Sustainable Fashion,"Reducing clothing's environmental harm via eco-materials, circular textiles, and waste reduction.",13
L22_106,Climate Change: Heat Flux,Exchange and transport of heat within Earth system components affecting climate patterns.,13
L22_107,Climate Change: Carbon Intensity,CO2 emissions per unit of economic or production output and efforts to reduce them.,13
L22_108,Climate Change: Mortality Projections,Modeling temperature-linked deaths and projecting health impacts across climate scenarios.,12
L22_109,Climate Change: Global South Challenges,Adaptation and mitigation challenges in rapidly developing Global South cities and countries.,12
L22_110,Climate Change: ESG Integration,"Education on environmental, social, and governance criteria for responsible business and investment.",11
L22_111,Climate Change: Faith & Environment,Role of religion and eco-theology in climate stewardship and related practices.,11
L22_112,Climate Change: Environmental Marketing,"Marketing strategies promoting eco-friendly products, behaviors, and sustainability outcomes.",11
L22_113,Climate Change: Research Ethics,Ethical issues and alternatives in climate-related scientific research and testing methods,11
L22_114,Climate Change: Geothermal Technology,Advances and methods for accessing and harnessing geothermal energy for low‑carbon power.,10
L22_115,Climate Change: Natural Capital,"Natural ecosystems and assets that buffer impacts, support mitigation, and enable adaptation.",10
L22_116,Climate Change: Noise Pollution,"Effects of human-generated sound on ecosystems, wildlife behaviour, and human health.",10
L22_117,Climate Change: Climate Response Lag,Delayed warming and impacts after emissions due to system inertia and historical forcings.,9
L22_118,Climate Change: Legal Risks,"Risks companies and states face from climate-related lawsuits, liabilities, and legal claims.",9
L22_119,Climate Change: Human Evolution,How past environmental changes shaped human biological development and adaptation.,9
L22_120,Climate Change: Clean Cooking,Household shifts to low-emission cooking fuels and efficient stoves reducing pollution and emissions.,8
L22_121,Climate Change: Intergenerational Equity,Ensuring future generations inherit a livable environment and equitable resource access.,8
L22_122,Climate Change: Societal Collapse,"Risks of civilization failing from emissions, resource depletion, and systemic breakdown.",8
L22_123,Climate Change: Green Recovery,Post-pandemic policies and investments promoting sustainable growth and emissions reduction.,8
L22_124,Climate Change: Real Estate,"Effects of climate change on property values, insurance, emissions, and real estate markets.",8
L22_125,Climate Change: Human-Animal Relationships,Interactions and mutual influences between humans and animals under climate-driven change,8
L22_126,Climate Change: Respiratory Diseases,"How climate change worsens pollen, seasons, asthma, and other respiratory health outcomes.",8
L22_127,Climate Change: Ecosystem Synchronization,Timing mismatches and delayed ecological responses from shifting seasons and climates,8
L22_128,Climate Change: Sustainable Communication,Practices to reduce environmental impacts of climate-related communication and publication.,8
L22_129,Climate Change: Earthquake Science,Statistical study of seismic events and biological precursors affecting earthquake occurrence,7
L22_130,Climate Change: Child Nutrition,"Impacts of climate change on children's nutrition, growth, development, and related health outcomes.",7
L22_131,Climate Change: CO2 Fertilization,Effects of elevated atmospheric CO2 on plant growth and global greening trends.,7
L22_132,Climate Change: Pandemic Impacts,How pandemics altered emissions and influenced climate mitigation and policy responses.,7
L22_133,Climate Change: Geomagnetic Field Dynamics,"Study of Earth's magnetic field changes affecting atmosphere, satellites, and technology.",7
L22_134,Climate Change: Grid Stability,Challenges maintaining reliable electricity supply amid climate-driven variability and high renewable penetration.,7
L22_135,Climate Change: Aviation Safety,"How climate-driven changes affect aviation safety, navigation, and wildlife-related flight hazards.",7
L22_136,Climate Change: Subsurface Exploration,Study of underground environments and subsurface thermal processes affecting climate and life.,7
L22_137,Climate Change: Robotics & AI,Engineering and AI-driven robotic systems for environmental monitoring and climate applications.,7
L22_138,Climate Change: Biotechnology Policy,Advocating legal reforms permitting gene technologies to benefit climate and biodiversity,7
L22_139,Climate Change: Local Government Impacts,"Climate effects on municipal services, infrastructure, and local government spending.",7
L22_140,Climate Change: Environmental Footprints,"Metrics categorizing and measuring human impacts on ecosystems, biodiversity, and climate.",7
L22_141,Climate Change: Climate Networks,Transnational city and municipal networks sharing knowledge and coordinating climate action.,6
L22_142,Climate Change: Residual Risk,"Remaining climate risks after adaptation affecting natural, human, and socio-economic systems.",6
L22_143,Climate Change: ESG Products & Services,"Market offerings and frameworks aligning investments, corporate strategies, and services with ESG climate goals.",6
L22_144,Climate Change: IPCC Collaboration,"Partnerships, processes, and reporting practices used by the IPCC to synthesize climate science.",6
L22_145,Climate Change: Transportation Equity,Barriers to adopting clean transport affecting disadvantaged groups and access to mobility.,6
L22_146,Climate Change: Harmful Algal Blooms,Influence of warming and acidification on proliferation and toxicity of harmful algal species.,6
L22_147,Climate Change: Disease Genetics,How genetic factors shape disease risk and interact with climate-driven environmental changes,6
L22_148,Climate Change: Green Bonds,Financial instruments raising capital specifically for environmentally sustainable projects.,5
L22_149,Climate Change: Power Dynamics,"How social, political, and economic power shapes climate decision-making and action.",5
L22_150,Climate Change: Fossil Fuel Divestment,Movements encouraging investors to withdraw funds from fossil fuels to reduce financial support for emissions.,5
L22_151,Climate Change: Complexity Science,"Applying emergence, scale, and collective-behavior concepts to social and ecological climate adaptation",5
L22_152,Climate Change: Rebound Effects,How efficiency gains trigger increased consumption that offsets expected emissions reductions.,5
L22_153,Climate Change: Emerging Economies,"Emission trends, drivers, and mitigation needs in rapidly growing countries",5
L22_154,Climate Change: Medicinal Plant Ecology,"How climate-driven changes affect growth, potency, cultivation, and cultural use of medicinal plants.",5
L22_155,Climate Change: Public Goods,Framing mitigation as a global public good motivating collective action,5
L22_156,Climate Change: Megafaunal Extinctions,"Examines causes of large-animal extinctions, weighing climate versus human hunting drivers",4
L22_157,Climate Change: Science-User Co-production,Collaborative development of climate information by scientists and users for decision-relevant outcomes.,4
L22_158,Climate Change: Geohazards & Risk Management,Mitigation and governance of human-caused geological hazards and environmental risks.,4
L22_159,Climate Change: Livestock Genetics,"Breeding strategies balancing productivity, health, and environmental resilience in livestock.",4
L22_160,Climate Change: Energy Culture,How cultural values and social trust shape adoption of sustainable energy practices.,4
L22_161,Climate Change: NDC Evaluation,"Methods to assess country-level climate actions using emissions, energy, and development indicators.",4
L22_162,Climate Change: Oceanic Anoxic Events,Study of major ocean anoxia episodes linked to carbon cycle and environmental change.,4
L22_163,Climate Change: Current Affairs,"Up-to-date information on climate impacts, policies, and scientific findings.",4
L22_164,Climate Change: Scientific Reasoning,"Promoting logical, evidence-based assessment and critique of climate impacts and responses",4
L22_165,Climate Change: Decarbonization Challenges,"Difficulties retiring fossil-dependent infrastructure across transport, industry, and other sectors.",4
L22_166,Climate Change: Climate Data Synchronization,Methods for aligning and validating paleoarchives and proxies to reconstruct past climates accurately.,4
L22_167,Climate Change: Sustainable Intensification,Assessing sustainable farming systems across scales using multiple indicators over time.,3
L22_168,Climate Change: Behavioural Lock-in,Institutional and individual habits that sustain high emissions despite climate goals.,3
L22_169,Climate Change: Carbon Border Adjustments,Trade measures adjusting imports for embodied carbon to prevent leakage and ensure fair trade.,3
L22_170,Climate Change: SDG Interactions,"How mitigation and adaptation interact with Sustainable Development Goals, including synergies and trade-offs.",3
L22_171,Climate Change: Agriculture History,Study of past crop and livestock domestication and adaptation to historical climate change,3
L22_172,Climate Change: Maritime Trade History,How historical long‑distance seafaring and trade adapted to past climate changes,3
L22_173,Climate Change: Wildlife Navigation,"How animal orientation, migration, and navigation are altered by environmental change.",3
L22_174,Climate Change: Public Engagement & Regulation,"Transparency, consent, and governance for releasing GMOs and related biocontrols.",3
L22_175,Climate Change: Biosensing Technologies,Engineered biological sensors for real-time detection of environmental chemicals and ecosystem health.,3
L22_176,Climate Change: Transgenerational Plasticity,How parental environmental exposures cause inheritable biological changes affecting offspring.,3
L22_177,Climate Change: Terminology Evolution,How language and scientific framing about climate issues have changed over time.,3
L22_178,Climate Change: Interagency Coordination,"Coordinated cross-agency research and response linking biological threats, pandemics, and climate impacts.",3
L22_179,Climate Change: Urban Impact Mitigation,Strategies to reduce ecological and safety hazards from urban activities and wildland interactions,3
L22_180,Climate Change: Temporal Scale,Focus on century- and shorter-term differences to understand climate trends and impacts.,3
L22_181,Climate Change: Postharvest Management,Preserving perishable crop quality during storage and transport under increased heat and humidity,3
L22_182,Climate Change: Geobiology Interactions,How life and geological processes interact to shape carbon cycling and planetary habitability.,3
L22_183,Climate Change: Regional Resource Variability,How geographic differences in renewable and geological resources affect energy strategies and availability.,3
L22_184,Climate Change: Acid Rain,"Measuring acid deposition to understand causes, effects, and guide mitigation strategies.",2
L22_185,Climate Change: Glacial Isostatic Adjustment,Land uplift after ice loss causing Earth's crust to rebound from reduced ice loading.,2
L22_186,Climate Change: Coastal Meteorology,Study of coastal atmospheric processes like sea-breezes shaping local weather and precipitation.,2
L22_187,Climate Change: Peatland Degradation,"Loss of peatlands reducing water storage, biodiversity, and climate archives",2
L22_188,Climate Change: Earthquake Engineering,Engineering approaches to protect infrastructure from seismic and related hazards,2
L22_189,Climate Change: Chemical Ecology,Use of chemical signals and molecular tools to manage pests while reducing ecological harm.,2
L22_190,Climate Change: Consumerism Impacts,Role of consumerism and overconsumption as drivers of environmental degradation and climate change.,2
L22_191,Climate Change: Stress Testing,Scenario-based models evaluating financial institutions' resilience to climate risks.,2
L22_192,Climate Change: Climate Acceleration,Evidence of faster-than-expected progression of global climate change effects.,2
L22_193,Climate Change: Aerospace Emissions,"Environmental effects of rocket launches, including greenhouse gases and ozone impacts.",2
L22_194,Climate Change: Industry Diversification,Reducing sectoral reliance to boost resilience and sustainability in climate‑impacted industries.,2
L22_195,Climate Change: Southern Annular Mode,"Trends and variability of the Southern Annular Mode influenced by ozone, greenhouse gases, and aerosols.",2
L22_196,Climate Change: Ocean Mixed-Layer Depth,Variations in surface ocean mixed-layer depth influenced by climate-driven fluxes and dynamics.,2
L22_197,Climate Change: Sustainable Solar Integration,"Dual-use solar designs (e.g., agrivoltaics, floating PV) optimizing land use and solar benefits.",2
L22_198,Climate Change: Game Theory,Use of game-theoretic models to analyze strategic behavior in climate agreements.,2
L22_199,Climate Change: Investment Classification,"Distinguishing finance types by source, purpose, and climate relevance for accounting.",2
L22_200,Climate Change: Housing Affordability,Affordable shared housing addressing climate-driven urban socio-economic vulnerabilities.,2
L22_201,Climate Change: Paris Agreement Targets,How additional permafrost emissions affect feasibility of meeting warming limits,2
L22_202,Climate Change: Pastoralism & Food Systems,Study of pastoral diets and food use within changing grassland ecosystems,2
L22_203,Climate Change: Oceanic Barriers,"How sea-level and ocean changes shape marine dispersal, connectivity, and gene flow",2
L22_204,Climate Change: Poverty Mapping,"Using satellite and mobile data to create timely, detailed poverty maps for targeted adaptation.",2
L22_205,Climate Change: Population Policies,How population-related choices and policies affect climate mitigation while respecting equity and rights.,2
L22_206,Climate Change: Power-to-X (PtX) Technologies,Electrolysis-based hydrogen production converting excess renewable electricity into usable fuels.,2
L22_207,Climate Change: Urbanization & Inequality,"Interplay of rapid urban growth, social inequality, and climate risks in Latin America",2
L22_208,Climate Change: Environmental Radioisotopes,Using fallout and natural radioisotopes to date and trace environmental and biological processes,2
L22_209,Climate Change: Greenflation,Rising material and input costs driven by renewable demand and the energy transition.,2
L22_210,Climate Change: Geochemical Environments,Mineral surfaces and water chemistry shaping prebiotic processes and early Earth environments,2
L22_211,Climate Change: Alternative Proteins,Using non-animal proteins to reduce food-system greenhouse gas emissions and climate impacts.,2
L22_212,Climate Change: Medical & Fashion Innovation,"Bio-integrated materials and garments that heal, purify air, and reduce environmental impact",2
L22_213,Climate Change: Post-Colonial Challenges,Environmental and climate issues faced by former colonies due to historical exploitation.,1
L22_214,Climate Change: Environmental Racism,Disproportionate environmental harm to Indigenous and Black communities from systemic injustice.,1
L22_215,Climate Change: Climate Action Engagement,Digital companies' participation and challenges supporting climate impact initiatives.,1
L22_216,Climate Change: Oceanic Temperature Extremes,"Explores coldest ocean water conditions, especially in polar regions and deep ocean trenches.",1
L22_217,Climate Change: Local Climate Patterns,Describes seasonal weather characteristics and variability in a specific locality.,1
L22_218,Climate Change: Post-Apocalyptic Scenarios,Exploring environmental and societal conditions in US states after climate and nuclear catastrophes.,1
L22_219,Climate Change: Futuristic Fiction,Speculative narratives depicting climate change impacts in futuristic or cyberpunk settings.,1
L22_220,Climate Change: Leadership Challenges,Issues faced by leaders in maintaining engagement during critical climate discussions,1
L22_221,Climate Change: Anisotropy Detection,Methods to identify directional dependence in climate-related spatial data patterns.,1
L22_222,Climate Change: Mitigation Choices,How emissions and policy decisions influence future Antarctic ice stability and mitigation outcomes.,1
L22_223,Climate Change: Fossil Fuel Depletion,Timing and implications of peak global oil production and subsequent decline.,1
L22_224,Climate Change: Greenwashing Prevention,Strategies and standards to avoid deceptive marketing about environmental benefits.,1
L22_225,Climate Change: Viticulture Risks,Effects of late spring frost on grape production and associated financial risks.,1
L22_226,Climate Change: Water Competition,Impact of water resource competition on plant growth under increased temperatures.,1
L22_227,Climate Change: Aquaculture Economics,Economic effects of climate-driven energy cost changes on freshwater fish farming operations.,1
L22_228,Climate Change: Sports Infrastructure,Evaluating climate impacts on feasibility of constructing winter sports facilities.,1
L22_229,Climate Change: Temperature Sensitivity,Relationship between snow cover loss and increases in land surface air temperature.,1
L22_230,Climate Change: Technology Interference,How technological signals disrupt satellite and atmospheric climate observations,1
L22_231,Climate Change: Emulation Techniques,Parametrized models that replicate complex climate models for fast probabilistic projections.,1
L22_232,Climate Change: Trophic Cascades,"Altered predator–herbivore interactions cascading through food webs, affecting ecosystem function and carbon storage.",1
L22_233,Climate Change: Environmental Gradients,Small-scale spatial environmental changes shaping coastal habitats and ecosystem functions.,1
L22_234,Climate Change: Ecosystem Access,Restricted access to critical ecosystems disrupting livelihoods and cultural practices,1
L22_235,Climate Change: Rural Electrification,Challenges and trade-offs in extending clean energy access to rural communities.,1
L22_236,Climate Change: Desertification Control,Techniques like afforestation and water harvesting to reduce desertification and soil erosion.,1
L22_237,Climate Change: Development Diversity,Recognition of diverse development paths shaped by cultural and historical differences,1
L22_238,Climate Change: Resource Quality,How warming changes mineral resource characteristics and material quality,1
L22_239,Climate Change: Policy Entrepreneurship,Local actors' strategies to promote and implement climate policies through networks and leadership.,1
L22_240,Climate Change: Service Systems,Modeling service provision and wellbeing beyond energy and transport indicators.,1
L22_241,Climate Change: Clean Firm Technologies,"Flexible, on-demand low-carbon power technologies needed for deep decarbonization",1
L22_242,Climate Change: Geoengineering & Regeneration,Engineered and urban interventions accelerating decarbonization and regenerative city development.,1
L22_243,Climate Change: Vehicle Occupancy Impact,Effect of passenger occupancy on emissions per passenger‑kilometre in personal transport.,1
L22_244,Climate Change: Urban Symbiosis,Using urban waste and industrial byproducts as inputs to reduce emissions and resource use.,1
L22_245,Climate Change: Capital Stock Dynamics,How infrastructure age and longevity affect flexibility for transformational climate responses,1
L22_246,Climate Change: Food Safety & Policy,Authorization processes ensuring novel foods meet safety within evolving regulatory frameworks.,1
L22_247,Climate Change: Co-Impacts Analysis,Quantifying cross-sector co-impacts and cost–benefit analyses for climate decisions,1
L22_248,Climate Change: Labor Unions,Labor unions' roles in shaping climate policy while balancing jobs and climate action.,1
L22_249,Climate Change: Voluntary Agreements,Effects of voluntary environmental agreements on distributional and environmental outcomes,1
L22_250,Climate Change: Platform Economy Impacts,Environmental effects of digital sharing platforms on travel patterns and resource use.,1
L22_251,Climate Change: AFOLU Interactions,"How energy and policy affect agriculture, forestry, and land‑use synergies and trade‑offs.",1
L22_252,Climate Change: Human Comfort vs Environment,Balancing personal cooling needs with environmental sustainability and mitigation trade‑offs.,1
L22_253,Climate Change: Small Business Action,How small businesses can align operations with climate mitigation and adaptation goals.,1
L22_254,Climate Change: Economic Valuation of Health,Monetizing health benefits from reducing climate-related risks using economic methods,1
L22_255,Climate Change: Microplastic Ecology,Study of microbial colonization on microplastics forming plastisphere ecosystems under climate change,1
L22_256,Climate Change: Black Carbon Mitigation,Reducing household black carbon emissions from cooking to lessen warming impacts.,1
L22_257,Climate Change: Earth System Resilience,Protecting Earth's systems from human-driven impacts like biodiversity loss and ecological degradation.,1
L22_258,Climate Change: Seasonal Soil Effects,"How seasonal freezing and thaw alter soil properties, affecting ground failure and liquefaction risks.",1
L22_259,Climate Change: Fault Dynamics,Dating and analyzing fault evolution to understand geological processes influencing methane seepage.,1
L22_260,Climate Change: Oceanic Radioactivity,Assessment of radioactive contamination in oceans and its environmental impacts,1
L22_261,Climate Change: Disaster Perception,How human factors shape perceived severity and accuracy of disaster impacts,1
L22_262,Climate Change: Indigenous Innovation,Indigenous technological solutions for sustainable resource use in pre-industrial societies.,1
L22_263,Climate Change: Telecoupling Effects,How climate-driven changes in one region affect distant areas via social and ecological linkages,1
L22_264,Climate Change: Amphibian Ecology,Impact of warming and dehydration on amphibian survival and habitat suitability.,1
L22_265,Climate Change: Critical Zone Science,Study of soil and weathered rock layers controlling water and ecosystem health under climate change.,1
L22_266,Climate Change: Food Culture & Consumer,How cultural identity and origin shape food preferences and support sustainable local food systems.,1
L22_267,Climate Change: Disability Inclusion,Accessibility and rights of disabled people (including assistance animals) under climate stress,1
L22_268,Climate Change: Sustainable Animal Management,"Non‑invasive, welfare‑focused methods reducing wildlife predation and supporting animals",1
L22_269,Climate Change: Genetic Mutation Mechanisms,Study of DNA folding's effects on mutation rates influencing genetic variation and evolution.,1
L22_270,Climate Change: Biosignature Detection,Challenges distinguishing biological fossils from abiotic structures for life-detection methods,1
L22_271,Climate Change: Nutrition & Genetics,Interactions between genetics and nutrition affecting health under climate-related stressors.,1
L22_272,Climate Change: Health & Doping Detection,Methods to detect gene doping and protect sports fairness amid environmental change.,1
L22_273,Climate Change: Human Cultural Diversity,Comparative study of biological and cultural‑linguistic diversity patterns across latitudes.,1
L22_274,Climate Change: Quantum Biology,Study of quantum effects in biological processes relevant to climate-influenced systems,1
L22_275,Climate Change: Modern Threats,"Current challenges to Gulf Coast mollusks including warming, pollution, overfishing, habitat loss.",1
L22_276,Climate Change: Conservation Leadership,Role of people and communities in advancing conservation and protecting habitats.,1
L22_277,Climate Change: Ecosystem-based Planning,Spatial planning balancing human activities and conservation to sustain marine ecosystem integrity.,1
L22_278,Climate Change: Eco-Evo-Devo Research,"Integrating ecology, evolution, and development to study organism responses to environmental change.",1
L22_279,Climate Change: Biodeterioration,Climate-driven fungal and biological decay of stone cultural monuments and materials.,1
L22_280,Climate Change: Tropical Disease Ecology,Study of parasitic diseases affecting tropical populations under climate-related environmental stress.,1
L22_281,Climate Change: Quantum Technologies,Quantum-enabled sensing and devices for climate and environmental monitoring,1
L22_282,Climate Change: Biological Scaling,How organism size and shape influence reproduction and evolutionary responses to climate change,1
L22_283,Climate Change: Horizontal Gene Transfer,Phage-mediated microbial gene exchange influencing adaptation and resistance under environmental change.,1
L22_284,Climate Change: Decentralized Production,"Small-scale, distributed biomanufacturing near feedstocks to increase sustainability and resilience.",1
L22_285,Climate Change: Bioluminescence Research,Study of light-producing organisms and interactions affecting marine species' survival and adaptation,1
L22_286,Climate Change: Natural Antimicrobials,Exploring natural compounds as sustainable antimicrobials against resistant infections.,1
